НАИМЕНОВАНИЕ;autoscaners.ru;www.carscanner.ru;www.vgarazhax.ru;www.carhealth.ru;www.electronicsystem.ru;www.carmod.ru;http://mosautolab.ru/;http://www.autoset-dv.ru/
MaxiDas DS708 - профессиональный мультимарочный сканер;http://www.autoscaners.ru/catalogue/?catalogue_id=maxidas_ds708_professionalnyy_multimarochnyy_skaner;http://www.carscanner.ru/multimarochnye-%7C-skanery/maxidas-ds708.html;http://www.vgarazhax.ru/multimarochnye-skanery/maxidas-ds708-autel-maxidas;;http://electronicsystem.ru/multiautoscanners/maxidas%20.html;http://www.carmod.ru/products/maxidas_ds708;http://www.mosautolab.ru/catalog/diagnosticheskoe_oborudovanie/avtoskanery/skaner_diagnosticheskiy_autel_maxidas_ds708_rossiyskaya_versiya,html;http://www.autoset-dv.ru/catalog/multimarochnye-avtoskanery/maxidas-ds708
MaxiSYS Pro - мультимарочный сканер;http://www.autoscaners.ru/catalogue/?catalogue_id=maxisys_pro_multimarochnyy_skaner;;http://www.vgarazhax.ru/multimarochnye-skanery/maxisys-pro;;http://electronicsystem.ru/multiautoscanners/maxisys-pro.html;http://www.carmod.ru/products/maxisys_pro;http://www.mosautolab.ru/catalog/diagnosticheskoe_oborudovanie/avtoskanery/skaner_diagnosticheskiy_autel_maxisys908_pro_rossiyskaya_versiya.html;http://www.autoset-dv.ru/catalog/multimarochnye-avtoskanery/maxisys-pro
Диагностический сканер Сканматик 2 USB + BlueTooth (Scanmatik);http://www.autoscaners.ru/catalogue/?catalogue_id=diagnosticheskiy_skaner_skanmatik_2_usb_bluetooth_scanmatik;http://www.carscanner.ru/skanmatik-2/diagnosticheskiy-avtoskaner-skanmatik-2-bluetooth-i-usb-bazovyy-komplekt.html;http://www.vgarazhax.ru/avtoskanery/vaz-gaz-izh-uaz/scanmatik-2;;http://electronicsystem.ru/avtoskanery/diagnostika-vaz-gaz-izh-uaz/scanmatik-2.html;http://www.carmod.ru/products/komplekt_skanmatik_2_usb__bluetooth;http://www.mosautolab.ru/catalog/diagnosticheskoe_oborudovanie/avtoskanery/skaner_diagnosticheskiy_skanmatik_2_usb_bluetooth_bazovyy_komplekt,html;http://www.autoset-dv.ru/catalog/multimarochnye-avtoskanery/skanmatik-2-usb-bluetooth-standartnyj
Launch X431 PRO (Launch X431 V) - новое поколение мультимарочного сканера Launch X431;http://www.autoscaners.ru/catalogue/?catalogue_id=launch_x431_pro_launch_x431_v_novoe_pokolenie_multimarochnogo_skanera_launch_x431;http://www.carscanner.ru/x431-launch/launch-x431-pro-launch-x431-v.html;http://www.vgarazhax.ru/multimarochnye-skanery/launch-v-pro;;http://electronicsystem.ru/multiautoscanners/launch-x431%20-v-pro.html;http://www.carmod.ru/products/avtoskaner_launch_x431_pro;http://www.mosautolab.ru/catalog/diagnosticheskoe_oborudovanie/avtoskanery/skaner_diagnosticheskiy_launch_x_431_pro.html;http://www.autoset-dv.ru/catalog/multimarochnye-avtoskanery/launch-x-431-pro
LAUNCH X431 PRO 2016 МУЛЬТИМАРОЧНЫЙ СКАНЕР;http://www.autoscaners.ru/catalogue/?catalogue_id=launch_x431_pro_2016_multimarochnyy_skaner;;;;;;http://www.mosautolab.ru/catalog/diagnosticheskoe_oborudovanie/avtoskanery/skaner_diagnosticheskiy_launch_x431_pro_version_2016.html;http://www.autoset-dv.ru/catalog/multimarochnye-avtoskanery/launch-x431-pro-version-2016
LAUNCH X431 PRO 3 V2.0 2016 МУЛЬТИМАРОЧНЫЙ СКАНЕР;http://www.autoscaners.ru/catalogue/?catalogue_id=launch_x431_pro_3_2016_multimarochnyy_skaner;;;;;http://www.carmod.ru/products/launch_x431_pro_3s_multimarochnyj_avtoskaner;http://www.mosautolab.ru/catalog/diagnosticheskoe_oborudovanie/avtoskanery/skaner_diagnosticheskiy_launch_x_431_pro3_version_2016.html;
MV400 - видеоэндоскоп с возможнотью записи видео, диаметр головки 5.5 мм;http://www.autoscaners.ru/catalogue/?catalogue_id=mv400_videoendoskop_s_vozmozhnotyu_zapisi_video_diametr_golovki_5_5_mm;;http://www.vgarazhax.ru/izmeritelnoe-oborudovanie/videojendoskopy/videoendoskop-maxivideo-mv400;http://www.carhealth.ru/dopolnitelnoe-oborudovanie/autel-maxivideo-mv400-5-5-kupit;http://electronicsystem.ru/other-diagnostic-tools/videoscope/maxivideo-mv400.html;http://www.carmod.ru/products/avtomobilnyj_videoendoskop_autel_maxivideo_mv400;http://www.mosautolab.ru/catalog/diagnosticheskoe_oborudovanie/endoskopy_i_stetoskopy/videoendoskop_autel_maxivideo_mv400_5_5_mm_3_5_320x240_tft_lcd_640_480,html;
MaxiDiag Elite MD802 - многофункциональный мультимарочный сканер;http://www.autoscaners.ru/catalogue/?catalogue_id=maxidiag_elite_md802_mnogofunktsionalnyy_multimarochnyy_skaner;;http://www.vgarazhax.ru/dop-oborudovanie/skanery-oshibok/maxidiag-elite;http://www.carhealth.ru/portativnye-avtoskanery/autel-maxidiag-elite-md802-full-systems-kupit;http://electronicsystem.ru/multiautoscanners/maxidiag%20elite-md802-full.html;http://www.carmod.ru/products/autel_maxidiag_elite_md802;http://www.mosautolab.ru/catalog/diagnosticheskoe_oborudovanie/avtoskanery/skaner_diagnosticheskiy_autel_maxidiag_md802_vse_sistemy_vse_rynki_rossiyskaya_versiya,html;http://www.autoset-dv.ru/catalog/multimarochnye-avtoskanery/maxidiag-elite-md802-full
Mercedes SD Connect 4 (базовый);http://www.autoscaners.ru/catalogue/?catalogue_id=525;;http://www.vgarazhax.ru/avtoskanery/mercedes-benz/sd-connect;http://www.carhealth.ru/diagnostika-legkovykh-avtomobilej/oborudovanie-dlya-mercedes-benz/sdconnect-compact-4-135-kupit;http://electronicsystem.ru/avtoskanery/diagnostika-mercedes-benz/mb-sd-connect.html;http://www.carmod.ru/products/mercedes_sd_connect_compact_4;http://www.mosautolab.ru/catalog/diagnosticheskoe_oborudovanie/avtoskanery/skaner_diagnosticheskiy_dcartool_mercedes_star_diagnosis_sdconnect_bazovyy_komplekt_v_2,html;http://www.autoset-dv.ru/catalog/dilerskie-avtoskanery/sd-connect
Mercedes SD Connect 4 (полный);http://www.autoscaners.ru/catalogue/?catalogue_id=525;;;http://www.carhealth.ru/diagnostika-gruzovykh-avtomobilej/sdconnect-compact-4-kupit;;http://www.carmod.ru/products/komplekt_dlya_diagnostiki_avtomobilej_mercedes_benz_i_smart;http://www.mosautolab.ru/catalog/diagnosticheskoe_oborudovanie/avtoskanery/skaner_diagnosticheskiy_dcartool_mercedes_star_diagnosis_sdconnect_noutbuk_wi_fi_akb.html;http://www.autoset-dv.ru/catalog/dilerskie-avtoskanery/mb-star-c4-sd-connect
Caterpillar adapter 3;http://www.autoscaners.ru/catalogue/?catalogue_id=caterpillar_adapter_3;;http://www.vgarazhax.ru/avtoskanery-gruzovye/caterpillar/caterpillar-adapter-3;;;;http://www.mosautolab.ru/catalog/diagnosticheskoe_oborudovanie/avtoskanery/skaner_diagnosticheskiy_oem_caterpillar_ca3_bazovyy_komplekt,html;
MAN T200 - дилерский автосканер для техники MAN;http://www.autoscaners.ru/catalogue/?catalogue_id=man_t200_dilerskiy_avtoskaner_dlya_tekhniki_man;;http://www.vgarazhax.ru/avtoskanery-gruzovye/man/man-cats-t200;;http://electronicsystem.ru/truck-scanners/man-t200%20.html;http://www.carmod.ru/products/man_cats_t200s_dilerskij_skaner_dlya_gruzovyh_avtomobilej_i_avtobusov;http://www.mosautolab.ru/catalog/diagnosticheskoe_oborudovanie/avtoskanery/skaner_diagnosticheskiy_oem_man_t200_s_po,html;
USB Autoscope IV - USB Осциллограф Постоловского (полная комплектация);http://www.autoscaners.ru/catalogue/?catalogue_id=usb_autoscope_iv_usb_ostsillograf_postolovskogo_polnaya_komplektatsiya;http://www.carscanner.ru/usb-autoscop-postolovskogo-komplektuyuschie/ostsillograf-postolovskogo-4-%7C-usb-autoscope-iv-polnyy-komplekt.html;http://www.vgarazhax.ru/dop-oborudovanie/motor-testery-oscillografy/oscillograf-autoscope-iv;;;;http://www.mosautolab.ru/catalog/diagnosticheskoe_oborudovanie/motor_testery_i_ostsillografy/motor_tester_usb_autoscope_iv_polnyy_komplekt.html;
Автосканер GM MDI;http://www.autoscaners.ru/catalogue/?catalogue_id=avtoskaner_gm_mdi;http://www.carscanner.ru/skanery-professionalnye/general-motors-mdi-diagnosticheskiy-skaner.html;http://www.vgarazhax.ru/avtoskanery/gm/mdi-wi-fi;http://www.carhealth.ru/diagnostika-legkovykh-avtomobilej/oborudovanie-dlya-general-motors/gm-mdi-kupit;http://electronicsystem.ru/avtoskanery/diagnostika-opel/gm-mdi.html;http://www.carmod.ru/products/avtoskaner_gm_mdi;http://www.mosautolab.ru/catalog/diagnosticheskoe_oborudovanie/avtoskanery/skaner_diagnosticheskiy_oem_gm_mdi.html;
MaxiSYS Mini - профессиональный сканер;http://www.autoscaners.ru/catalogue/?catalogue_id=maxisys_mini_professionalnyy_skaner;;http://www.vgarazhax.ru/multimarochnye-skanery/maxisys-mini;;http://electronicsystem.ru/multiautoscanners/maxisys-mini.html;http://www.carmod.ru/products/maxisys_mini;http://www.mosautolab.ru/catalog/diagnosticheskoe_oborudovanie/avtoskanery/skaner_diagnosticheskiy_autel_maxisys905_mini_rossiyskaya_versiya.html;http://www.autoset-dv.ru/catalog/multimarochnye-avtoskanery/maxisys-mini
Bosch KTS 540  - профессиональный мультимарочный сканер;http://www.autoscaners.ru/catalogue/?catalogue_id=bosch_kts_540_professionalnyy_multimarochnyy_skaner;;http://www.vgarazhax.ru/multimarochnye-skanery/bosch-kts540;;;http://www.carmod.ru/products/bosch_kts_540s_multimarochnyj_avtoskaner;http://www.mosautolab.ru/catalog/diagnosticheskoe_oborudovanie/avtoskanery/skaner_diagnosticheskiy_bosch_kts_540_bez_podpiski_esitronic,html;
Дилерский сканер Porsche PIWIS II;http://www.autoscaners.ru/catalogue/?catalogue_id=dilerskiy_skaner_porsche_piwis_ii;;;;http://electronicsystem.ru/avtoskanery/diagnostika-porsche/porsche-piwis-ii.html;http://www.carmod.ru/products/avtoskaner_porsche_piwis_ii;http://www.mosautolab.ru/catalog/diagnosticheskoe_oborudovanie/avtoskanery/skaner_diagnosticheskiy_dcartool_porsche_piwis_tester_ii_v_komplekte_noutbuk_litsenziya_po_piwis_1_g.html;
SCANDOC COMPACT - МУЛЬТИМАРОЧНЫЙ СКАНЕР;http://www.autoscaners.ru/catalogue/?catalogue_id=scandoc_compact_multimarochnyy_skaner;http://www.carscanner.ru/vaz-gaz-uaz-izh/diagnosticheskiy-multimarochnyy-avtoskaner-scandoc-compact.html;http://www.vgarazhax.ru/multimarochnye-skanery/scandoc-compact;;http://electronicsystem.ru/multiautoscanners/scandoc-compact.html;http://www.carmod.ru/products/scandoc_compact__universalnyj_multimarochnyj_skaner;http://www.mosautolab.ru/catalog/diagnosticheskoe_oborudovanie/avtoskanery/skaner_diagnosticheskiy_quantex_scandoc_compact_version_2016_bazovyy_komplekt.html;
MaxiSYS - профессиональный сканер;http://www.autoscaners.ru/catalogue/?catalogue_id=maxisys_professionalnyy_skaner;;http://www.vgarazhax.ru/multimarochnye-skanery/maxisys;;http://electronicsystem.ru/multiautoscanners/maxisys.html;http://www.carmod.ru/products/maxisys;http://www.mosautolab.ru/catalog/diagnosticheskoe_oborudovanie/avtoskanery/skaner_diagnosticheskiy_autel_maxisys908_rossiyskaya_versiya,html;http://www.autoset-dv.ru/catalog/multimarochnye-avtoskanery/MaxiSYS
GX-100 - Аппарат для очистка топливных систем;http://www.autoscaners.ru/catalogue/?catalogue_id=gx_100_apparat_dlya_ochistki_toplivnykh_sistem;;;;;http://www.carmod.ru/products/lantech_gx100s_pribor_dlya_ochistki_forsunok;;http://www.autoset-dv.ru/catalog/ustanovki-dlja-him-promivky-injektora/gx100
Автосканер MongoosePro Toyota Techstream MFC2;http://www.autoscaners.ru/catalogue/?catalogue_id=273;;;;;http://www.carmod.ru/products/mongoosepro_toyota_techstream__dilerskij_avtoskaner_dlya_toyota_i_lexus;http://www.mosautolab.ru/catalog/diagnosticheskoe_oborudovanie/avtoskanery/skaner_diagnosticheskiy_drew_tech_toyota_mongoose_pro2_oem_bez_bt_po_techstream_offline.html;
Диагностический сканер Ford VCM II ( оригинал );http://www.autoscaners.ru/catalogue/?catalogue_id=diagnosticheskiy_skaner_ford_vcm_ii_original_;;http://www.vgarazhax.ru/avtoskanery/ford/ford-vcm-ii-original;;;;http://www.mosautolab.ru/catalog/diagnosticheskoe_oborudovanie/avtoskanery/skaner_diagnosticheskiy_oem_ford_vcm_ii_164_r9805_bazovyy_komplekt,html;
Диагностический сканер VAG COM 12.12 ENG;http://www.autoscaners.ru/catalogue/?catalogue_id=diagnosticheskiy_skaner_vag_com_12_12_eng;;;;;;;
Дилерский сканер BMW ICOM A+B+C (базовый);http://www.autoscaners.ru/catalogue/?catalogue_id=551;;http://www.vgarazhax.ru/avtoskanery/bmw/icom;http://www.carhealth.ru/diagnostika-legkovykh-avtomobilej/oborudovanie-dlya-bmw/icom-bmw-a-b-c-kupit;http://electronicsystem.ru/avtoskanery/bmw%20icom.html;http://www.carmod.ru/products/diagnosticheskij_kompleks_bmw_icom;http://www.mosautolab.ru/catalog/diagnosticheskoe_oborudovanie/avtoskanery/skaner_diagnosticheskiy_dcartool_bmw_icom_a1_a_b_c_v_komplekte_po_rheingold_,html;
АВТОСКАНЕР BMW ICOM A2+B+C;http://www.autoscaners.ru/catalogue/?catalogue_id=avtoskaner_bmw_icom_a2;;http://www.vgarazhax.ru/avtoskanery/bmw/icom-a2;http://www.carhealth.ru/diagnostika-legkovykh-avtomobilej/oborudovanie-dlya-bmw/icom-bmw-a2-b-c-15-kupit;http://electronicsystem.ru/avtoskanery/diagnostika-bmw/icom-bmw-a2.html;http://www.carmod.ru/products/diagnosticheskij_kompleks_bmw_icom_a2bc;http://www.mosautolab.ru/catalog/diagnosticheskoe_oborudovanie/avtoskanery/skaner_diagnosticheskiy_dcartool_bmw_icom_a2_a_b_c_po_rheingold_bez_wifi_bazovyy_komplekt.html;http://www.autoset-dv.ru/catalog/dilerskie-avtoskanery/bmw-icom-a2
АВТОСКАНЕР BMW ICOM A2+B+C (ПОЛНЫЙ);http://www.autoscaners.ru/catalogue/?catalogue_id=avtoskaner_bmw_icom_a2;;http://www.vgarazhax.ru/avtoskanery/bmw/icom-a2;;;;http://www.mosautolab.ru/catalog/diagnosticheskoe_oborudovanie/avtoskanery/skaner_diagnosticheskiy_dcartool_bmw_icom_a2_a_b_c_k_t_noutbuk_komplekt_wi_fi_po_ispi_next_offline.html;http://www.autoset-dv.ru/catalog/dilerskie-avtoskanery/bmw-icom-a-b-c
Cummins Inline 6 - сканер для всех двигателей марки Cummins;http://www.autoscaners.ru/catalogue/?catalogue_id=cummins_inline_6_skaner_dlya_vsekh_dvigateley_marki_cummins;;http://www.vgarazhax.ru/avtoskanery-gruzovye/cummins/cummins-inline-6;;http://electronicsystem.ru/truck-scanners/cummins-inline-6.html;http://www.carmod.ru/products/cummins_inline_6s_professionalnyj_diagnosticheskij_skaner;http://www.mosautolab.ru/catalog/diagnosticheskoe_oborudovanie/avtoskanery/skaner_diagnosticheskiy_oem_cummins_inline_6_bazovyy_komplekt,html;
Диагностический сканер Scania VCI 2;http://www.autoscaners.ru/catalogue/?catalogue_id=diagnosticheskiy_skaner_scania_vci_2;;http://www.vgarazhax.ru/avtoskanery-gruzovye/scania/scania-vci-2-pribaltika;;http://electronicsystem.ru/truck-scanners/scania-vci.html;http://www.carmod.ru/products/scania_vci_2;http://www.mosautolab.ru/catalog/diagnosticheskoe_oborudovanie/avtoskanery/skaner_diagnosticheskiy_dcartool_scania_vci_ii_po_sdp3,html;
Автосканер ДК 5 — диагностика МАЗ, ЛиАЗ ,КамАЗ,КрАЗ;http://www.autoscaners.ru/catalogue/?catalogue_id=avtoskaner_dk_5_diagnostika_maz_liaz_kamaz_kraz;http://www.carscanner.ru/dlya-gruzovyh-a/m/diagnosticheskiy-kompleks-dk-5.html;http://www.vgarazhax.ru/avtoskanery-gruzovye/kamaz/autoscanner-dk5;;http://electronicsystem.ru/truck-scanners/autoscanner-dk5.html;http://www.carmod.ru/products/avtoskaner_dk5;;
CIT-3000 расширенный комплект для диагностики Common Rail CRDI300;http://www.autoscaners.ru/catalogue/?catalogue_id=crdi_300_rasshirennyy_komplekt_cit_3000_dlya_diagnostiki_sistem_common_rail;;;;;;http://www.mosautolab.ru/catalog/diagnosticheskoe_oborudovanie/manometry_i_testery_davleniya/tester_davleniya_common_rail_grunbaum_crdi_300,html;
ADD1100 - USB видеоэндоскоп на базе ПК c насадками;http://www.autoscaners.ru/catalogue/?catalogue_id=add1100_usb_videoendoskop_na_baze_pk_c_nasadkami;;;;;;;
Диагностический сканер Nexiq USB Link ( оригинал );http://www.autoscaners.ru/catalogue/?catalogue_id=650;http://www.carscanner.ru/dilerskie-scania-cummins-nexiq/nexiq-usb-link-komplekt.html;http://www.vgarazhax.ru/avtoskanery-gruzovye/nexiq;http://www.carhealth.ru/diagnostika-gruzovykh-avtomobilej/nexiq-usb-link-125032-kupit;http://electronicsystem.ru/truck-scanners/nexiq-usb-link.html;http://www.carmod.ru/products/diagnosticheskij_skaner_nexiq_usb_link;;
Диагностический комплекс VAS 5054 (базовый);http://www.autoscaners.ru/catalogue/?catalogue_id=260;http://www.carscanner.ru/dilerskie-scania-cummins-nexiq/index.php?option=com_virtuemart&page=shop.product_details&product_id=244&flypage=flypage-ask.tpl&category_id=71;http://www.vgarazhax.ru/avtoskanery/volkswagen/vas-5054a;http://www.carhealth.ru/diagnostika-legkovykh-avtomobilej/oborudovanie-dlya-volkswagen/vas-5054a-kupit;http://electronicsystem.ru/avtoskanery/vag_com/vas-5054a.html;http://www.carmod.ru/products/adapter_vas_5054a;http://www.mosautolab.ru/catalog/diagnosticheskoe_oborudovanie/avtoskanery/skaner_diagnosticheskiy_dcartool_vag_vas_5054a_bluetooth_v_komplekte_po_vas_pc,html;http://www.autoset-dv.ru/catalog/dilerskie-avtoskanery/vas-5054a-rus-bluetooth-uds
F-CAR F3-D (грузовые);http://www.autoscaners.ru/catalogue/?catalogue_id=585;;;;;;http://www.mosautolab.ru/catalog/diagnosticheskoe_oborudovanie/avtoskanery/skaner_diagnosticheskiy_fcar_f3_d_kommercheskie_avto_avtobusy_spetstekhnika,html;http://www.autoset-dv.ru/catalog/avtoskanery-dlja-gruzovih-avtomobiley/fcar-f3-d-avtoskaner-dlja
Автосканер Volvo Interface 88890020;http://www.autoscaners.ru/catalogue/?catalogue_id=avtoskaner_volvo_interface_88890020;http://www.carscanner.ru/vaz-gaz-uaz-izh/index.php?option=com_virtuemart&page=shop.product_details&product_id=1580&flypage=flypage-ask.tpl&category_id=70;http://www.vgarazhax.ru/avtoskanery/volvo/volvo-88890020-pribaltika;;;http://www.carmod.ru/products/volvo_interface_88890020s_diagnosticheskij_interfejs_dlya_gruzovyh_avtomobilej_avtobusov_i_spetstehniki;;
Диагностический сканер Iveco Easy;http://www.autoscaners.ru/catalogue/?catalogue_id=diagnosticheskiy_skaner_iveco_easy;;http://www.vgarazhax.ru/avtoskanery-gruzovye/iveco/easy-eltrac;;http://electronicsystem.ru/truck-scanners/iveco-easy-eltrac.html;;;
F-CAR F3-G (легковые + грузовые);http://www.autoscaners.ru/catalogue/?catalogue_id=585;;;;;http://www.carmod.ru/products/fcar_f3g__dlya_diagnostiki_legkovyh_gruzovyh_avtomobilej_i_spetstehniki;http://www.mosautolab.ru/catalog/diagnosticheskoe_oborudovanie/avtoskanery/skaner_diagnosticheskiy_fcar_f3_g_legkovye_i_kommercheskie_avto_avtobusy_spetstekhnika,html;http://www.autoset-dv.ru/catalog/avtoskanery-dlja-gruzovih-avtomobiley/fcar-f3-g-f3-w
Launch X431 GDS CAR+Truck - сканер для грузовых и дизельных легковых автомобилей;http://www.autoscaners.ru/catalogue/?catalogue_id=launch_x431_gds_multimarochnyy_skaner;;;;;http://www.carmod.ru/products/launch_x431_gds;;
ПАК Загрузчик v3 (CombiLoader) - считывание и обновление прошивок для контроллеров ЭБУ;http://www.autoscaners.ru/catalogue/?catalogue_id=pak_zagruzchik_v3_combiloader_schityvanie_i_obnovlenie_proshivok_dlya_kontrollerov_ebu;;;;;http://www.carmod.ru/products/pak_zagruzchik_v3_combiloader;http://www.mosautolab.ru/catalog/diagnosticheskoe_oborudovanie/odometry_klyuchi_i_airbag/programmator_ecu_sms_software_pak_zagruzchik_v3_bazovyy_komplekt,html;
Jaltest link+ETM+Jaltest PAD - комплект оборудования для диагностики грузовиков и автобусов;http://www.autoscaners.ru/catalogue/?catalogue_id=jaltest_link_etm_jaltest_pad_komplekt_oborudovaniya_dlya_diagnostiki_gruzovikov_i_avtobusov;http://www.carscanner.ru/jaltest/komplekt-oborudovaniya-jaltest-link+etm+jaltest-pad.html;;;;;;
ADD330 Тестер для определения коротких замыканий и обрывов цепей;http://www.autoscaners.ru/catalogue/?catalogue_id=add330_tester_dlya_opredeleniya_korotkikh_zamykaniy_i_obryvov_tsepey;;;;;;;
Автосканер ELM327 BlueTooth;http://www.autoscaners.ru/catalogue/?catalogue_id=avtoskaner_elm327_bluetooth;http://www.carscanner.ru/kitayskie-avto/diagnosticheskiy-adapter-elm327-bluetooth-v-1.5.html;http://www.vgarazhax.ru/dop-oborudovanie/skanery-oshibok/elm327-bluetooth;http://www.carhealth.ru/universalnoe-oborudovanie/multimarochnyj-adapter-elm327-bluetooth-kupit;;http://www.carmod.ru/products/obdii_adapter_elm327_bluetooth;;http://www.autoset-dv.ru/catalog/multimarochnye-avtoskanery/elm327-bluetooth-vgate-adapter-dlja
Launch X431 Diagun;http://www.autoscaners.ru/catalogue/?catalogue_id=launch_x431_diagun;;http://www.vgarazhax.ru/multimarochnye-skanery/launch-431-diagun;;http://electronicsystem.ru/multiautoscanners/launch-diagun.html;http://www.carmod.ru/products/avtoskaner_launch_x431_diagun_full;;http://www.autoset-dv.ru/catalog/multimarochnye-avtoskanery/launch-x431-diagun-iii
Автосканер Cummins Inline 5;http://www.autoscaners.ru/catalogue/?catalogue_id=avtoskaner_cumimns_inline_5;http://www.carscanner.ru/vaz-gaz-uaz-izh/index.php?option=com_virtuemart&page=shop.product_details&product_id=673&flypage=flypage-ask.tpl&category_id=376;http://www.vgarazhax.ru/avtoskanery-gruzovye/cummins/cummins-inline-5;http://www.carhealth.ru/diagnostika-gruzovykh-avtomobilej/cummins-inline-kupit;http://electronicsystem.ru/truck-scanners/cummins-inline.html;http://www.carmod.ru/products/cummins_inline_5;;
Автосканер MongoosePro JLR - диагностика LandRover, Jaguar;http://www.autoscaners.ru/catalogue/?catalogue_id=avtoskaner_mongoosepro_jlr_diagnostika_landrover_jaguar;;http://www.vgarazhax.ru/avtoskanery/land-rover/mongoosepro-jlr-original;http://www.carhealth.ru/diagnostika-legkovykh-avtomobilej/oborudovanie-dlya-land-rover/mongoose-land-rover-jaguar-kupit;http://electronicsystem.ru/avtoskanery/diagnostika-land%20rover-jaguar/mongoosepro-jlr.html;;http://www.mosautolab.ru/catalog/diagnosticheskoe_oborudovanie/avtoskanery/skaner_diagnosticheskiy_dcartool_land_rover_mangoose_pro_jlr_v_komplekte_po_jlr_offline_,html;http://www.autoset-dv.ru/catalog/dilerskie-avtoskanery/mongoose-jlr-volvo-toyota-tis
Digiprog 3 - коррекция одометров;http://www.autoscaners.ru/catalogue/?catalogue_id=digiprog_3_korrektsiya_odometrov#tab_home;http://www.carscanner.ru/korrektirovka-odometrov/digiprog-3.html;http://www.vgarazhax.ru/korrektirovka-probega/digiprog-3;http://www.carhealth.ru/korrektirovka-odometrov/digiprog-3-127-kupit;http://electronicsystem.ru/other-diagnostic-tools/korrektirovka-probega/digiprog3.html;http://www.carmod.ru/products/korrektor_odometrov_digiprog_3_polnyj_komplekt;;http://www.autoset-dv.ru/catalog/pribory-dlja-odometrov/digiprog-3-full-programmator-dlja
Launch Creader VI - Портативный автосканер;http://www.autoscaners.ru/catalogue/?catalogue_id=433;http://www.carscanner.ru/korrektirovka-odometrov/index.php?option=com_virtuemart&page=shop.product_details&product_id=1519&flypage=flypage-ask.tpl&category_id=74;http://www.vgarazhax.ru/dop-oborudovanie/skanery-oshibok/creader-6-vi;http://www.carhealth.ru/portativnye-avtoskanery/launch-creader-vi-6-plus-kupit;http://electronicsystem.ru/other-diagnostic-tools/autoscanners-obd2/launch-creader-vi.html;http://www.carmod.ru/products/avtoskaner_launch_creader_vi;http://www.mosautolab.ru/catalog/diagnosticheskoe_oborudovanie/avtoskanery/skaner_diagnosticheskiy_launch_creader_vi_obd_ii,html;http://www.autoset-dv.ru/catalog/multimarochnye-avtoskanery/launch-creader-vi-rus
Автосканер Mercedes Star Diagnosis (базовый);http://www.autoscaners.ru/catalogue/?catalogue_id=22;http://www.carscanner.ru/skanery-professionalnye/mb-star-diagnosis-c3-diagnosticheskiy-skaner.html;http://www.vgarazhax.ru/avtoskanery/mercedes-benz/sd-connect;http://www.carhealth.ru/diagnostika-gruzovykh-avtomobilej/mb-star-diagnosis-usb-com-port-mb-star-compact-3-kupit;;http://www.carmod.ru/products/avtoskaner_mercedes_star_diagnosis_compact_3;;http://www.autoset-dv.ru/catalog/dilerskie-avtoskanery/mb-star-c3
Дилерский сканер BMW ICOM A+B+C (полный);http://www.autoscaners.ru/catalogue/?catalogue_id=551;;http://www.vgarazhax.ru/avtoskanery/bmw/icom;http://www.carhealth.ru/diagnostika-legkovykh-avtomobilej/oborudovanie-dlya-bmw/icom-bmw-a-b-c-kupit;http://electronicsystem.ru/avtoskanery/bmw%20icom.html;http://www.carmod.ru/products/diagnosticheskij_kompleks_bmw_icom;;
Диагностический сканер Nissan Consult III Plus;http://www.autoscaners.ru/catalogue/?catalogue_id=diagnosticheskiy_skaner_nissan_consult_iii_plus;;;;;;http://www.mosautolab.ru/catalog/diagnosticheskoe_oborudovanie/avtoskanery/skaner_diagnosticheskiy_dcartool_nissan_consult_iii_plus_bluetooth_v_komp_adapter_bluetooth_po,html;
OMAS AC-1500 - Автоматическая станция для заправки кондиционеров;http://www.autoscaners.ru/catalogue/?catalogue_id=omas_ac_1500_avtomaticheskaya_stantsiya_dlya_zapravki_konditsionerov;;;;;;;
Автосканер DAF DAVIE XDc II;http://www.autoscaners.ru/catalogue/?catalogue_id=avtoskaner_daf_davie_xdc_ii;;http://www.vgarazhax.ru/avtoskanery-gruzovye/daf/daff-davie-xdc-ii;;http://electronicsystem.ru/truck-scanners/daf-davie-xdc-ii.html;http://www.carmod.ru/products/daf_vci560_mux_davie_xdcii__diagnosticheskij_skaner_dlya_gruzovikov_daf;;
Автосканер Citroen Lexia + Peugeot Planet 2000;http://www.autoscaners.ru/catalogue/?catalogue_id=avtoskaner_citroen_lexia_peugeot_planet_2000;http://www.carscanner.ru/skanery-professionalnye/diagnosticheskiy-avtoskaner-psa-xs-evolution-diagbox/lexia-3.html;;http://www.carhealth.ru/diagnostika-legkovykh-avtomobilej/oborudovanie-dlya-citroen/lexia-3-full-diagbox-kupit;;;http://www.mosautolab.ru/catalog/diagnosticheskoe_oborudovanie/avtoskanery/skaner_diagnosticheskiy_dcartool_peugeot_citroen_lexia_3_diagbox_v_komplekte_po.html;http://www.autoset-dv.ru/catalog/dilerskie-avtoskanery/lexia-3-adapter-dlja-citroen
Автосканер MongoosePro Toyota Techstream Bluetooth;http://www.autoscaners.ru/catalogue/?catalogue_id=273;;;;;http://www.carmod.ru/products/mongoosepro_toyota_techstream__dilerskij_avtoskaner_dlya_toyota_i_lexus;http://www.mosautolab.ru/catalog/diagnosticheskoe_oborudovanie/avtoskanery/skaner_diagnosticheskiy_drew_tech_toyota_mongoose_pro2_oem_bez_bt_po_techstream_offline.html;
USB Autoscope III - осциллоскоп Постоловского (полная комплектация);http://www.autoscaners.ru/catalogue/?catalogue_id=usb_autoscope_iii_ostsilloskop_postolovskogo_polnaya_komplektatsiya;http://www.carscanner.ru/usb-autoscop-postolovskogo-komplektuyuschie/ostsillograf-postolovskogo-3-%7Cusb-autoscope-iii-polnyy-komplekt.html;;;;;;
Launch X431 PRO 3 (Launch X431 V+) - новое поколение мультимарочного сканера Launch X431;http://www.autoscaners.ru/catalogue/?catalogue_id=launch_x431_pro_3_launch_x431_v_novoe_pokolenie_multimarochnogo_skanera_launch_x431;;http://www.vgarazhax.ru/multimarochnye-skanery/launch-x431-pro-3;;;;;http://www.autoset-dv.ru/catalog/dilerskie-avtoskanery/mercedes-star-diagnosis-compact-3
Автосканер Mercedes Star Diagnosis (полный);http://www.autoscaners.ru/catalogue/?catalogue_id=22;;http://www.vgarazhax.ru/avtoskanery/mercedes-benz/sd-connect;;;;;
Адаптер KKL USB;http://www.autoscaners.ru/catalogue/?catalogue_id=adapter_kkl_usb;http://www.carscanner.ru/diagnosticheskoe-i-informatsionnoe-po/sbornik-programm-diagnostiki+-kkl-usb-adapter.html?keyword=KKL+USB;http://www.vgarazhax.ru/avtoskanery/volkswagen/usb-kkl-vag-com-409-1;http://www.carhealth.ru/universalnoe-oborudovanie/kkl-usb-adapter-kupit;;http://www.carmod.ru/products/kabel_vagcom_4091_kkl_usb;;
Диагностический сканер DPA 5 Dual-CAN;http://www.autoscaners.ru/catalogue/?catalogue_id=diagnosticheskiy_skaner_dpa_5_dual_can_original;http://www.carscanner.ru/dlya-gruzovyh-a/m/dpa-5-dual-can-diagnosticheskiy-skaner-dlya-gruzovoy-tehniki.html;;;http://electronicsystem.ru/truck-scanners/dpa5-dual-can-full.html;;;http://www.autoset-dv.ru/catalog/avtoskanery-dlja-gruzovih-avtomobiley/dpa-5-dual-can-avtoskaner
Launch X431 GDS - мультимарочный сканер;http://www.autoscaners.ru/catalogue/?catalogue_id=launch_x431_gds_multimarochnyy_skaner;;;;;http://www.carmod.ru/products/launch_x431_gds;;http://www.autoset-dv.ru/catalog/multimarochnye-avtoskanery/launch-x-431-gds
Launch X431 Diagun III - мультимарочный сканер;http://www.autoscaners.ru/catalogue/?catalogue_id=launch_x431_diagun_iii_multimarochnyy_skaner;;http://www.vgarazhax.ru/multimarochnye-skanery/launch-431-diagun-iii;;;http://www.carmod.ru/products/avtoskaner_launch_x431_diagun_iii;;http://www.autoset-dv.ru/catalog/multimarochnye-avtoskanery/launch-x431-diagun-iii
Диагностический сканер Scania VCI 1;http://www.autoscaners.ru/catalogue/?catalogue_id=diagnosticheskiy_skaner_scania_vci_1;;http://www.vgarazhax.ru/avtoskanery-gruzovye/scania/scania-vci-1;;http://electronicsystem.ru/truck-scanners/scania-vci-1.html;http://www.carmod.ru/products/scania_vci_1;;
Launch Creader VIII - Портативный автосканер;http://www.autoscaners.ru/catalogue/?catalogue_id=398;http://www.carscanner.ru/launch/avtoskaner-launch-creader-viii-creader-crp129.html;http://www.vgarazhax.ru/multimarochnye-skanery/launch-creader-viii;;http://electronicsystem.ru/other-diagnostic-tools/autoscanners-obd2/launch-creaderviii.html;http://www.carmod.ru/products/miniskaner_launch_x431_creader_viii;;http://www.autoset-dv.ru/catalog/multimarochnye-avtoskanery/launch-creader-viii-creader-professional
Launch CNC 602 - Установка для тестирования и очистки форсунок;http://www.autoscaners.ru/catalogue/?catalogue_id=launch_cnc_602_ustanovka_dlya_testirovaniya_i_ochistki_forsunok;;http://www.vgarazhax.ru/garazhnoe-oborudovanie/ochistka-forsunok/uz-ochistka-forsunok/cnc-602-a;;;http://www.carmod.ru/products/launch_cnc_602a__stend_dlya_testirovaniya_i_ochistki_forsunok;http://www.mosautolab.ru/catalog/diagnosticheskoe_oborudovanie/stendy_dlya_forsunok/stend_uz_launch_cnc_602_dlya_6_i_forsunok.html;http://www.autoset-dv.ru/catalog/oborudovanie-dlja-ultrozvukovoy-chistki-forsunok/launch-cnc-602a
Диагностический сканер Барс 4 (полный комплект);http://www.autoscaners.ru/catalogue/?catalogue_id=diagnosticheskiy_skaner_bars_4;http://www.carscanner.ru/bars-professional/avtoskaner-bars-4-professional-komplekt-%C2%ABbazovyy%C2%BB.html?keyword=%D0%91%D0%B0%D1%80%D1%81+4;;;;http://www.carmod.ru/products/diagnosticheskij_skaner_bars_4;;http://www.autoset-dv.ru/catalog/multimarochnye-avtoskanery/bars-iv-pro
Автосканер ELM327 WIFI;http://www.autoscaners.ru/catalogue/?catalogue_id=avtoskaner_elm327_wifi;http://www.carscanner.ru/fiat/elm327-usb-diagnosticheskiy-adapter.html;;;;http://www.carmod.ru/products/obdii_adapter_elm327_wifi;;
Автосканер ELM327 USB;http://www.autoscaners.ru/catalogue/?catalogue_id=avtoskaner_elm327_usb;http://www.carscanner.ru/fiat/elm327-usb-diagnosticheskiy-adapter.html?keyword=ELM327+USB;http://www.vgarazhax.ru/dop-oborudovanie/skanery-oshibok/elm327-usb;http://www.carhealth.ru/universalnoe-oborudovanie/universalnyj-skaner-elm327-usb-kupit;;http://www.carmod.ru/products/obdii_adapter_elm327_usb;;http://www.autoset-dv.ru/catalog/multimarochnye-avtoskanery/elm327-usb
Robinair AC690 PRO OTC - Автоматическая станция для обслуживания автомобильных кондиционеров;http://www.autoscaners.ru/catalogue/?catalogue_id=robinair_ac690_pro_otc_avtomaticheskaya_stantsiya_dlya_obsluzhivaniya_avtomobilnykh_konditsionerov;;;;;;http://www.mosautolab.ru/catalog/oborudovanie_dlya_avtokonditsionerov/ustanovki_dlya_zapravki/ustanovka_dlya_zapravki_avtokonditsionerov_robinair_ac690_pro_avtomaticheskaya_r134.html;
SuperOBD SKP-900 - Программатор автоключей;http://www.autoscaners.ru/catalogue/?catalogue_id=superobd_skp_900_programmator_avtoklyuchey;;;;http://electronicsystem.ru/other-diagnostic-tools/programmirovanie-kljuchej/superobd-skp-900.html;http://www.carmod.ru/products/programmator_klyuchej_superobd_skp900;;http://www.autoset-dv.ru/catalog/programmatory/programmator-kljuchej-superobd-skp-900
Автосканер Opel Com;http://www.autoscaners.ru/catalogue/?catalogue_id=avtoskaner_opel_com;http://www.carscanner.ru/diagnosticheskie-adaptery/diagnosticheskiy-adapter-op-com-v1.64.html?keyword=Opel+Com;;http://www.carhealth.ru/diagnostika-legkovykh-avtomobilej/oborudovanie-dlya-opel/op-com-opel-rus-kupit;;http://www.carmod.ru/products/adapter_opcom_opel;;http://www.autoset-dv.ru/catalog/dilerskie-avtoskanery/op-com-opel-can-bus
Диагностический сканер Mitsubishi MUT III;http://www.autoscaners.ru/catalogue/?catalogue_id=diagnosticheskiy_skaner_mitsubishi_mut_iii;;;http://www.carhealth.ru/diagnostika-legkovykh-avtomobilej/oborudovanie-dlya-mitsubishi/mut-3-mitsubishi-kupit;http://electronicsystem.ru/avtoskanery/diagnostika-mitsubishi/mitsubishi-mut.html;http://www.carmod.ru/products/avtoskaner_mitsubishi_mut_iii;http://www.mosautolab.ru/catalog/diagnosticheskoe_oborudovanie/avtoskanery/skaner_diagnosticheskiy_dcartool_mitsubishi_mut_iii_v_komplekte_po_mut_iii.html;
G-Smoke - Дымогенератор;http://www.autoscaners.ru/catalogue/?catalogue_id=g_smoke_dymogenerator;http://www.carscanner.ru/dymogeneratory/dymogenerator-g-smoke.html;;;;http://www.carmod.ru/products/gsmoke__kompaktnyj_dymogenerator;;
CD400 Программатор тахографов;http://www.autoscaners.ru/catalogue/?catalogue_id=cd400_programmator_takhografov;;http://www.vgarazhax.ru/dop-oborudovanie/programmatory/programmator-tahografov-cd400;;;;;
Robinair ACM 3000 - Автоматическая установка для обслуживания кондиционеров;http://www.autoscaners.ru/catalogue/?catalogue_id=robinair_acm_3000_avtomaticheskaya_ustanovka_dlya_obsluzhivaniya_konditsionerov;;;;http://electronicsystem.ru/other-diagnostic-tools/zapravka-kondicionera/ustanovka-dlia-zapravki-kondicionera/robinair-acm-3000.html;http://www.carmod.ru/products/otc_robinair_acm_3000s_avtomaticheskaya_ustanovka_dlya_zapravki_konditsionerov;http://www.mosautolab.ru/catalog/oborudovanie_dlya_avtokonditsionerov/ustanovki_dlya_zapravki/ustanovka_dlya_zapravki_avtokonditsionerov_robinair_acm3000_poluavtomaticheskaya_r134.html;
GX-100B - набор для промывки форсунок;http://www.autoscaners.ru/catalogue/?catalogue_id=gx_100b_nabor_dlya_promyvki_forsunok;;;;;;;http://www.autoset-dv.ru/catalog/ustanovki-dlja-him-promivky-injektora/katalog/ustanovka-dlja-promyvki-toplivnoj-sistemy-586
ADD501 - Автомобильный рефрактометр;http://www.autoscaners.ru/catalogue/?catalogue_id=add501_avtomobilnyy_refraktometr;;;;;;;
ADD350D - стетоскоп автомобильный;http://www.autoscaners.ru/catalogue/?catalogue_id=add350d_stetoskop_avtomobilnyy;;;;;;;
MV208 - Видеоэндоскоп автомобильный;http://www.autoscaners.ru/catalogue/?catalogue_id=mv208_videoendoskop_avtomobilnyy;;http://www.vgarazhax.ru/izmeritelnoe-oborudovanie/videojendoskopy/maxivideo-mv208;;;http://www.carmod.ru/products/endoskop_autel_maxivideo_mv208;http://www.mosautolab.ru/catalog/diagnosticheskoe_oborudovanie/endoskopy_i_stetoskopy/videoendoskop_autel_maxivideo_mv208_8_5_mm_2_4_320x240_tft_lcd_640_480.html;
iCarsoft i610 - Автосканер OBDII/WIFI;http://www.autoscaners.ru/catalogue/?catalogue_id=icarsoft_i610_avtoskaner_obdii_wifi;;;;;http://www.carmod.ru/products/icarsoft_wifi_tool_i610s_besprovodnoj_wifi_adapter_dlya_diagnostiki_avtomobilya_osnaschennogo_odbii_razemom;;
DSO-203 Quad nano -Цифровой портативный осциллограф;http://www.autoscaners.ru/catalogue/?catalogue_id=dso_203_quad_nano_tsifrovoy_portativnyy_ostsillograf;;;;;;;
Автосканер Renault CAN CLIP;http://www.autoscaners.ru/catalogue/?catalogue_id=avtoskaner_renault_can_clip;http://www.carscanner.ru/renault/diagnosticheskiy-skaner-renault-can-clip.html?keyword=Renault+CAN+CLIP;http://www.vgarazhax.ru/avtoskanery/renault/can-clip;http://www.carhealth.ru/diagnostika-legkovykh-avtomobilej/oborudovanie-dlya-renault/renault-can-clip-kupit;http://electronicsystem.ru/avtoskanery/diagnostika-renault/renault-can-clip.html;http://www.carmod.ru/products/avtoskaner_renault_can_clip;http://www.mosautolab.ru/catalog/diagnosticheskoe_oborudovanie/avtoskanery/skaner_diagnosticheskiy_dcartool_renault_clip_v_komplekte_po_clip.html;http://www.autoset-dv.ru/catalog/dilerskie-avtoskanery/renault-can-clip
Автосканер Toyota Intelligent Tester II;http://www.autoscaners.ru/catalogue/?catalogue_id=avtoskaner_toyota_intelligent_tester_ii;;http://www.vgarazhax.ru/avtoskanery/toyota/denso;http://www.carhealth.ru/diagnostika-legkovykh-avtomobilej/oborudovanie-dlya-toyota-lexus/toyota-intelligent-tester-ii-dst-2-kupit;http://electronicsystem.ru/avtoskanery/diagnostika-suzuki/toyota-denso.html;;;http://www.autoset-dv.ru/catalog/dilerskie-avtoskanery/toyota-intelligent-tester-ii
Диагностический сканер Volvo DiCE;http://www.autoscaners.ru/catalogue/?catalogue_id=157;http://www.carscanner.ru/volvo/diagnosticheskiy-skaner-volvo-dice.html?keyword=Volvo+DiCE;http://www.vgarazhax.ru/avtoskanery/volvo/vida-dice;http://www.carhealth.ru/diagnostika-legkovykh-avtomobilej/oborudovanie-dlya-volvo/volvo-dice-vida-kupit;;http://www.carmod.ru/products/adapter_volvo_vida_dice;http://www.mosautolab.ru/catalog/diagnosticheskoe_oborudovanie/avtoskanery/skaner_diagnosticheskiy_dcartool_volvo_dice_v_komplekte_po_vida.html;http://www.autoset-dv.ru/catalog/dilerskie-avtoskanery/volvo-vida-dice
Автосканер BMW INPA K+CAN (базовый);http://www.autoscaners.ru/catalogue/?catalogue_id=avtoskaner_bmw_inpa_k_plus_can;http://www.carscanner.ru/bmw/k+dcan-usb-s-pereklyuchatelem-diagnosticheskiy-adapter-dlya-a/m-bmw.html?keyword=BMW+INPA+K+CANм;http://www.vgarazhax.ru/avtoskanery/bmw/bmw-inpa-k-dcan;;;;;http://www.autoset-dv.ru/catalog/dilerskie-avtoskanery/bmw-inpa-kdcan-interface-usb
Launch EasyDiag 2.0 - Универсальный диагностический адаптер;http://www.autoscaners.ru/catalogue/?catalogue_id=diagnosticheskiy_skaner_launch_easydiag_2_0;http://www.carscanner.ru/alfa-romeo/launch-easydiag-2.0-dlya-android-i-ios.html?keyword=Launch+EasyDiag+2.0;;;;;http://www.mosautolab.ru/catalog/diagnosticheskoe_oborudovanie/avtoskanery/skaner_diagnosticheskiy_launch_easydiag_2_0_obd_ii.html;http://www.autoset-dv.ru/catalog/multimarochnye-avtoskanery/launch-easydiag-20
iCarsoft i980 - Автосканер Mercedes Benz;http://www.autoscaners.ru/catalogue/?catalogue_id=icarsoft_i980_avtoskaner_mercedes_benz;http://www.carscanner.ru/mercedes-benz/portativnyy-diagnosticheskiy-skaner-icarsoft-i980-dlya-avtomobiley-mercedes-benz-i-obd-ii.html;http://www.vgarazhax.ru/avtoskanery/mercedes-benz/icarsoft-i980-skaner-dlya-mercedes-benz;;;http://www.carmod.ru/products/icarsoft_scanner_i980s_portativnyj_diagnosticheskij_skaner_dlya_avtomobilej_mercedes;;http://www.autoset-dv.ru/catalog/dilerskie-avtoskanery/icarsoft-i980-avtoskaner-dlja-mercedes
iCarsoft i930 - Автосканер Land Rover;http://www.autoscaners.ru/catalogue/?catalogue_id=icarsoft_i930_avtoskaner_land_rover;;http://www.vgarazhax.ru/avtoskanery/land-rover/icarsoft-i930;;;http://www.carmod.ru/products/professionalnyj_diagnosticheskij_skaner_icarsoft_i930_dlya_landrover;;http://www.autoset-dv.ru/catalog/dilerskie-avtoskanery/icarsoft-i930-avtoskaner-dlja-land
iCarsoft i960 - Автосканер Porsche;http://www.autoscaners.ru/catalogue/?catalogue_id=icarsoft_i960_avtoskaner_porsche;;http://www.vgarazhax.ru/avtoskanery/porsche/icarsoft-i960;;;http://www.carmod.ru/products/icarsoft_i960_dlya_porsche__professionalnyj_diagnosticheskij_avtoskaner;;http://www.autoset-dv.ru/catalog/dilerskie-avtoskanery/icarsoft-i960-avtoskaner-dlja-porsche
iCarsoft i906 - Автосканер Volvo;http://www.autoscaners.ru/catalogue/?catalogue_id=icarsoft_i906_avtoskaner_volvo;;http://www.vgarazhax.ru/avtoskanery/volvo/icarsoft-i906-skaner-dlya-volvo;;;http://www.carmod.ru/products/icarsoft_scanner_i906s_professionalnyj_diagnosticheskij_skaner_dlya_obsluzhivaniya_avtomobilej_volvo;;http://www.autoset-dv.ru/catalog/dilerskie-avtoskanery/icarsoft-i906-avtoskaner-dlja-volvo
iCarsoft i908 - Автосканер VW;http://www.autoscaners.ru/catalogue/?catalogue_id=icarsoft_i908_avtoskaner_vw;http://www.carscanner.ru/portativnye-skanery/portativnyy-diagnosticheskiy-skaner-icarsoft-i908-dlya-avtomobiley-audi-vw-seat-skoda-i-obd-ii.html;http://www.vgarazhax.ru/avtoskanery/volkswagen/icarsoft-i908;;;http://www.carmod.ru/products/icarsoft_scanner_i908_diagnosticheskij_skaner_dlya_audi_vw_seat_i_skoda_;;http://www.autoset-dv.ru/catalog/dilerskie-avtoskanery/icarsoft-i908-avtoskaner-dlja-vw
iCarsoft i902 - Автосканер Opel;http://www.autoscaners.ru/catalogue/?catalogue_id=icarsoft_i902_avtoskaner_opel;http://www.carscanner.ru/portativnye-skanery/index.php?option=com_virtuemart&page=shop.product_details&product_id=1404&flypage=flypage-ask.tpl&category_id=66;http://www.vgarazhax.ru/avtoskanery/opel/icarsoft-i902;;;http://www.carmod.ru/products/icarsoft_scanner_i902s_diagnosticheskij_skaner_dlya_obsluzhivaniya_avtomobilej_opel;;http://www.autoset-dv.ru/catalog/dilerskie-avtoskanery/icarsoft-i902-avtoskaner-dlja-opel
iCarsoft i990 - Автосканер Honda/Acura;http://www.autoscaners.ru/catalogue/?catalogue_id=icarsoft_i990_avtoskaner_honda_acura;;http://www.vgarazhax.ru/avtoskanery/honda/icarsoft-i990;;;http://www.carmod.ru/products/icarsoft_scanner_i990s_diagnosticheskij_skaner_dlya_avtomobilej_honda_i_acura_;;http://www.autoset-dv.ru/catalog/dilerskie-avtoskanery/icarsoft-i990-avtoskaner-dlja-honda
iCarsoft i910 - Автосканер BMW/Mini;http://www.autoscaners.ru/catalogue/?catalogue_id=icarsoft_i910_avtoskaner_bmw_mini;;http://www.vgarazhax.ru/avtoskanery/bmw/icarsoft-i910;;;http://www.carmod.ru/products/icarsoft_scanner_i910s_universalnyj_diagnosticheskij_skaner_dlya_avtomobilej_bmw;;http://www.autoset-dv.ru/catalog/dilerskie-avtoskanery/icarsoft-i990-avtoskaner-dlja-honda
iCarsoft i920 - Автосканер Ford/Holden;http://www.autoscaners.ru/catalogue/?catalogue_id=icarsoft_i920_avtoskaner_ford_holden;http://www.carscanner.ru/ford-mazda/portativnyy-diagnosticheskiy-skaner-icarsoft-i920-dlya-avtomobiley-ford-i-obd-ii.html;http://www.vgarazhax.ru/avtoskanery/ford/icarsoft-i920;;;http://www.carmod.ru/products/icarsoft_scanner_i920s_diagnosticheskij_skaner_dlya_avtomobilej_ford_i_holden;;http://www.autoset-dv.ru/catalog/dilerskie-avtoskanery/icarsoft-i920-avtoskaner-dlja-ford
iCarsoft i905 - Автосканер Toyota;http://www.autoscaners.ru/catalogue/?catalogue_id=icarsoft_i905_avtoskaner_toyota;http://www.carscanner.ru/ford-mazda/index.php?option=com_virtuemart&page=shop.product_details&product_id=2314&flypage=flypage-ask.tpl&category_id=63;http://www.vgarazhax.ru/avtoskanery/toyota/icarsoft-i905;;;http://www.carmod.ru/products/icarsoft_scanner_i905s_universalnyj_skaner_dlya_diagnostiki_avtomobilej_toyota;;http://www.autoset-dv.ru/catalog/dilerskie-avtoskanery/icarsoft-i905-avtoskaner-dlja-toyota
iCarsoft i900 - Автосканер GM;http://www.autoscaners.ru/catalogue/?catalogue_id=icarsoft_i900_avtoskaner_gm;http://www.carscanner.ru/ford-mazda/index.php?option=com_virtuemart&page=shop.product_details&product_id=1367&flypage=flypage-ask.tpl&category_id=285;http://www.vgarazhax.ru/avtoskanery/gm/icarsoft-i900;;;http://www.carmod.ru/products/icarsoft_scanner_i900s_diagnosticheskij_skaner_dlya_avtomobilej_kontserna_gm;;http://www.autoset-dv.ru/catalog/dilerskie-avtoskanery/icarsoft-i900-avtoskaner-dlja-gm
iCarsoft i970 - Автосканер Peugeot/Citroen;http://www.autoscaners.ru/catalogue/?catalogue_id=icarsoft_i970_avtoskaner_peugeot_citroen;http://www.carscanner.ru/ford-mazda/index.php?option=com_virtuemart&page=shop.product_details&product_id=2317&flypage=flypage-ask.tpl&category_id=240;http://www.vgarazhax.ru/avtoskanery/citroen/icarsoft-i970;;;http://www.carmod.ru/products/icarsoft_scanner_i970s_diagnosticheskij_skaner_dlya_avtomobilej_marok_peugeot_i_citroen;;http://www.autoset-dv.ru/catalog/dilerskie-avtoskanery/icarsoft-i970-avtoskaner-dlja-peugeot
iCarsoft i907 - Автосканер Renault;http://www.autoscaners.ru/catalogue/?catalogue_id=icarsoft_i907_avtoskaner_renault;http://www.carscanner.ru/ford-mazda/index.php?option=com_virtuemart&page=shop.product_details&product_id=1582&flypage=flypage-ask.tpl&category_id=69;http://www.vgarazhax.ru/avtoskanery/renault/icarsoft-i907;;;http://www.carmod.ru/products/icarsoft_i907_dlya_renault__professionalnyj_multisistemnyj_skaner;;http://www.autoset-dv.ru/catalog/dilerskie-avtoskanery/icarsoft-i907-avtoskaner-dlja-renault
iCarsoft i903 - Автосканер Nissan/Infiniti/Subaru;http://www.autoscaners.ru/catalogue/?catalogue_id=icarsoft_i903_avtoskaner_nissan_infiniti_subaru;http://www.carscanner.ru/bmw/k%20dcan-usb-s-pereklyuchatelem-diagnosticheskiy-adapter-dlya-a/index.php?option=com_virtuemart&page=shop.product_details&product_id=2316&flypage=flypage-ask.tpl&category_id=65;http://www.vgarazhax.ru/avtoskanery/nissan/icarsoft-i903;;;http://www.carmod.ru/products/icarsoft_scanner_i903s_icarsoft_scanner_i903s_diagnosticheskij_skaner_dlya_avtomobilej_nissan_infiniti_i_subaru_;;http://www.autoset-dv.ru/catalog/dilerskie-avtoskanery/icarsoft-i903-avtoskaner-dlja-nissan
iCarsoft i909 - Автосканер Mitsubishi/Mazda;http://www.autoscaners.ru/catalogue/?catalogue_id=icarsoft_i909_avtoskaner_mitsubishi_mazda;http://www.carscanner.ru/bmw/k%20dcan-usb-s-pereklyuchatelem-diagnosticheskiy-adapter-dlya-a/index.php?option=com_virtuemart&page=shop.product_details&product_id=2315&flypage=flypage-ask.tpl&category_id=61;http://www.vgarazhax.ru/avtoskanery/mitsubishi/icarsoft-i909;;;http://www.carmod.ru/products/icarsoft_scanner_i909s_diagnosticheskij_skaner_dlya_avtomobilej_mitsubishi_i_mazda;;http://www.autoset-dv.ru/catalog/dilerskie-avtoskanery/icarsoft-i909-avtoskaner-dlja-mitsubishi
Launch Creader CRP229 - Портативный автосканер;http://www.autoscaners.ru/catalogue/?catalogue_id=launch_creader_crp229_portativnyy_avtoskaner;;http://www.vgarazhax.ru/dop-oborudovanie/skanery-oshibok/crp229;;;http://www.carmod.ru/products/launch_creader_professional_crp229s_professionalnyj_multimarochnyj_skaner;;
iCarsoft i810 - Автосканер OBDII/EOBD;http://www.autoscaners.ru/catalogue/?catalogue_id=icarsoft_i810_avtoskaner_obdii_eobd;;;;;http://www.carmod.ru/products/icarsoft_i810s_universalnyj_diagnosticheskij_skaner;;http://www.autoset-dv.ru/catalog/multimarochnye-avtoskanery/icarsoft-i810-avtoskaner-obdii-eobd
iCarsoft i610 - Автосканер OBDII/WIFI;http://www.autoscaners.ru/catalogue/?catalogue_id=icarsoft_i610_avtoskaner_obdii_wifi;;;;;http://www.carmod.ru/products/icarsoft_wifi_tool_i610s_besprovodnoj_wifi_adapter_dlya_diagnostiki_avtomobilya_osnaschennogo_odbii_razemom;;
iCarsoft i620 - Автосканер OBDII/Bluetooth;http://www.autoscaners.ru/catalogue/?catalogue_id=icarsoft_i620_avtoskaner_obdii_bluetooth;;;;;http://www.carmod.ru/products/icarsoft_bluetooth_tool_i620s_diagnosticheskij_besprovodnoj_bluetooth_adapter;;
Ford KM Tool - корректировка одометров FORD;http://www.autoscaners.ru/catalogue/?catalogue_id=ford_km_tool_korrektirovka_odometrov_ford;http://www.carscanner.ru/korrektirovka-odometrov/adapter-ford-km-tool-can-bus-2.0.html;;;http://electronicsystem.ru/other-diagnostic-tools/korrektirovka-probega/ford-km-tool.html;http://www.carmod.ru/products/ford_km_tool;;http://www.autoset-dv.ru/catalog/pribory-dlja-odometrov/avtoadapter-ford-km-tool-dlja
OPEL EDC16 KM TOOL - Корректировка одометров Opel;http://www.autoscaners.ru/catalogue/?catalogue_id=opel_edc16_km_tool_korrektirovka_odometrov_opel;http://www.carscanner.ru/opel/adapter-opel-km-tool.html;;;;;;
Super VAG K+CAN Plus 2.0 корректировка одометров VAG;http://www.autoscaners.ru/catalogue/?catalogue_id=super_vag_k_can_plus_2_0_korrektirovka_odometrov_vag;;;http://www.carhealth.ru/korrektirovka-odometrov/super-vag-k-can-plus-2-0-kupit;;;;
UPA USB 1.3 - универсальный программатор микросхем;http://www.autoscaners.ru/catalogue/?catalogue_id=upa_usb_universalnyy_programmator_mikroskhem;;;http://www.carhealth.ru/programmers/upa-usb-full-serial-programmer-kupit;;;;
XPROG-m V 5.5 - профессиональный универсальный программатор;http://www.autoscaners.ru/catalogue/?catalogue_id=xprog_m_v_5_5_professionalnyy_universalnyy_programmator;http://www.carscanner.ru/korrektirovka-odometrov/programmator-xprog-m-v.5.51.html;;;;http://www.carmod.ru/products/xprogm_v555s_professionalnyj_universalnyj_programmator;;
Fiat CAN 1.5 - коррекция одометеров Fiat;http://www.autoscaners.ru/catalogue/?catalogue_id=fiat_can_1_5_korrektsiya_odometerov_fiat;http://www.carscanner.ru/alfa-romeo/adapter-fiat-km-tool.html;;;;;;
Mazdametr – корректировка одометров Mazda;http://www.autoscaners.ru/catalogue/?catalogue_id=mazdametr_korrektirovka_odometrov_mazda;;;;;;;
CRDI 100 - диагностический тестер систем Common Rail (NCT-1000);http://www.autoscaners.ru/catalogue/?catalogue_id=crdi_100_diagnosticheskiy_tester_sistem_common_rail_nct_1000;;;;;;http://www.mosautolab.ru/catalog/diagnosticheskoe_oborudovanie/manometry_i_testery_davleniya/tester_davleniya_common_rail_grunbaum_crdi_100.html;
CRDI 300 - расширенный комплект CIT 3000 для диагностики систем Common Rail;http://www.autoscaners.ru/catalogue/?catalogue_id=crdi_300_rasshirennyy_komplekt_cit_3000_dlya_diagnostiki_sistem_common_rail;;http://www.vgarazhax.ru/dop-oborudovanie/crdi-300;;;;;
ScanDoc Compact - мультимарочный сканер;http://www.autoscaners.ru/catalogue/?catalogue_id=scandoc_compact_multimarochnyy_skaner;http://www.carscanner.ru/vaz-gaz-uaz-izh/diagnosticheskiy-multimarochnyy-avtoskaner-scandoc-compact.html;http://www.vgarazhax.ru/multimarochnye-skanery/scandoc-compact;;http://electronicsystem.ru/multiautoscanners/scandoc-compact.html;http://www.carmod.ru/products/scandoc_compact__universalnyj_multimarochnyj_skaner;;
Чип-тюнинг BDM 100;http://www.autoscaners.ru/catalogue/?catalogue_id=chip_tyuning_bdm_100;http://www.carscanner.ru/renault/index.php?option=com_virtuemart&page=shop.product_details&product_id=595&flypage=flypage-ask.tpl&category_id=226;http://www.vgarazhax.ru/dop-oborudovanie/chip-tuning/bdm-100-v1255;http://www.carhealth.ru/programmatory-dlya-chip-tuning/bdm100-chip-tuning-tools-kupit;http://electronicsystem.ru/other-diagnostic-tools/chip-tuning-ecu/bdm-100.html;http://www.carmod.ru/products/programmator_bdm_100;;
Чип-тюнинг Galleto 1260;http://www.autoscaners.ru/catalogue/?catalogue_id=chip_tyuning_galleto_1260;;;;;;;
K-TAG Master - Универсальный программатор ЭБУ;http://www.autoscaners.ru/catalogue/?catalogue_id=k_tag_master_universalnyy_programmator_ebu;;http://www.vgarazhax.ru/dop-oborudovanie/chip-tuning/k-tag-master;http://www.carhealth.ru/programmatory-dlya-chip-tuning/k-tag-master-universalnyj-programmator-ebu-kupit;;;;
Диагностический сканер Subaru Select Monitor III;http://www.autoscaners.ru/catalogue/?catalogue_id=diagnosticheskiy_skaner_subaru_select_monitor_iii;;http://www.vgarazhax.ru/avtoskanery/subaru/subaru-ssm-iii-pribaltika;;http://electronicsystem.ru/avtoskanery/diagnostika-subaru/subaru-select-monitor-iii.html;http://www.carmod.ru/products/avtoskaner_subaru_select_monitor_iii;http://www.mosautolab.ru/catalog/diagnosticheskoe_oborudovanie/avtoskanery/skaner_diagnosticheskiy_oem_subaru_select_monitor_iii.html;
Диагностический сканер Ford VCM II (не оригинал);http://www.autoscaners.ru/catalogue/?catalogue_id=diagnosticheskiy_skaner_ford_vcm_ii_ne_original;http://www.carscanner.ru/skanery-professionalnye/ford-vcm-ii-ids-rotunda-diagnosticheskiy-skaner.html?keyword=Ford+VCM+II;http://www.vgarazhax.ru/avtoskanery/ford/ford-vcm-ii;http://www.carhealth.ru/diagnostika-legkovykh-avtomobilej/oborudovanie-dlya-ford/ford-vcm-ii-126-kupit;;http://www.carmod.ru/products/avtoskaner_ford_vcm_ii;http://www.mosautolab.ru/catalog/diagnosticheskoe_oborudovanie/avtoskanery/skaner_diagnosticheskiy_dcartool_ford_vcm_ii_v_komplekte_wi_fi_po_ids_offline.html;http://www.autoset-dv.ru/catalog/dilerskie-avtoskanery/ford-vcm2-ids-dilerskij-professionalnyj
Дилерский сканер GDS VCI Kia & Hyundai  (не оригинал);;;http://www.vgarazhax.ru/avtoskanery/kia/gds-vci-hyundai-kia;http://www.carhealth.ru/diagnostika-legkovykh-avtomobilej/oborudovanie-dlya-kia/hyundai-kia-gds-vci-kupit;;http://www.carmod.ru/products/hyundai__kia_gds_vci;;
Delphi DS150E – мультимарочный сканер для автомобилей, автобусов и спецтехники;http://www.autoscaners.ru/catalogue/?catalogue_id=delphi_ds150e_multimarochnyy_skaner_dlya_avtomobiley_avtobusov_i_spetstekhniki;;http://www.vgarazhax.ru/multimarochnye-skanery/delphi-ds150e;;http://electronicsystem.ru/multiautoscanners/delphi-ds150e.html;http://www.carmod.ru/products/delphi_ds150_multimarochnyj_avtomobilnyj_skaner;;http://www.autoset-dv.ru/catalog/dilerskie-avtoskanery/delphi-ds150e
S1279 интерфейсный модуль для Lexia3/PP2000;http://www.autoscaners.ru/catalogue/?catalogue_id=s1279_interfeysnyy_modul_dlya_lexia3_pp2000;http://www.carscanner.ru/peugeot/adapter-diagnosticheskiy-s1279-module-for-pps2000-lexia-3-citroen-peugeot.html;;;;;;
