НАИМЕНОВАНИЕ;autoscaners.ru;www.carscanner.ru;www.vgarazhax.ru;www.carhealth.ru;www.electronicsystem.ru;www.carmod.ru
Mercedes SD Connect 4 (Р±Р°Р·РѕРІС‹Р№);http://www.autoscaners.ru/catalogue/?catalogue_id=525;;http://www.vgarazhax.ru/avtoskanery/mercedes-benz/sd-connect;http://www.carhealth.ru/diagnostika-legkovykh-avtomobilej/oborudovanie-dlya-mercedes-benz/sdconnect-compact-4-kupit;http://electronicsystem.ru/avtoskanery/diagnostika-mercedes-benz/mb-sd-connect.html;http://www.carmod.ru/products/mercedes_sd_connect_compact_4
USB Autoscope IV - USB РћСЃС†РёР»Р»РѕРіСЂР°С„ РџРѕСЃС‚РѕР»РѕРІСЃРєРѕРіРѕ (РїРѕР»РЅР°СЏ РєРѕРјРїР»РµРєС‚Р°С†РёСЏ);http://www.autoscaners.ru/catalogue/?catalogue_id=usb_autoscope_iv_usb_ostsillograf_postolovskogo_polnaya_komplektatsiya;http://www.carscanner.ru/motor-testery-ostsillografy/ostsillograf-postolovskogo-4-%7C-usb-autoscope-iv-polnyy-komplekt.html;;http://www.vgarazhax.ru/multimarochnye-skanery/maxisys-pro;;
РђРІС‚РѕСЃРєР°РЅРµСЂ GM MDI;http://www.autoscaners.ru/catalogue/?catalogue_id=494;http://www.carscanner.ru/skanery-professionalnye/general-motors-mdi.html;http://www.vgarazhax.ru/avtoskanery/gm/mdi-wi-fi;http://www.carhealth.ru/diagnostika-legkovykh-avtomobilej/oborudovanie-dlya-general-motors/gm-mdi-kupit;http://electronicsystem.ru/avtoskanery/diagnostika-opel/gm-mdi.html;http://www.carmod.ru/products/avtoskaner_gm_mdi
РђРІС‚РѕСЃРєР°РЅРµСЂ Volvo Interface 88890020;http://www.autoscaners.ru/catalogue/?catalogue_id=255;;http://www.vgarazhax.ru/avtoskanery/volvo/volvo-88890020-pribaltika;;http://electronicsystem.ru/truck-scanners/volvo-88890020.html;http://www.carmod.ru/products/volvo_interface_88890020s_diagnosticheskij_interfejs_dlya_gruzovyh_avtomobilej_avtobusov_i_spetstehniki
Р”РёР»РµСЂСЃРєРёР№ СЃРєР°РЅРµСЂ BMW ICOM A+B+C (Р±Р°Р·РѕРІС‹Р№);http://www.autoscaners.ru/catalogue/?catalogue_id=551;http://www.carscanner.ru/skanery-professionalnye/bmw-icom-a1+b+c.html;http://www.vgarazhax.ru/avtoskanery/bmw/icom;http://www.carhealth.ru/diagnostika-legkovykh-avtomobilej/oborudovanie-dlya-bmw/icom-bmw-a-b-c-kupit;http://electronicsystem.ru/avtoskanery/bmw%20icom.html;http://www.carmod.ru/products/diagnosticheskij_kompleks_bmw_icom
Р”РёР°РіРЅРѕСЃС‚РёС‡РµСЃРєРёР№ РєРѕРјРїР»РµРєСЃ VAS 5054;http://www.autoscaners.ru/catalogue/?catalogue_id=260;http://www.carscanner.ru/professionalnye-skanery/diagnosticheskiy-skaner-%7C-vas-5054-a-bluetooth.html;http://www.vgarazhax.ru/avtoskanery/volkswagen/vas-5054a;http://www.carhealth.ru/diagnostika-legkovykh-avtomobilej/oborudovanie-dlya-volkswagen/vas-5054a-kupit;http://electronicsystem.ru/avtoskanery/vag_com/vas-5054a.html;http://www.carmod.ru/products/adapter_vas_5054a
MaxiDas DS708 - профессиональный мультимарочный сканер;http://www.autoscaners.ru/catalogue/?catalogue_id=647;;http://www.vgarazhax.ru/multimarochnye-skanery/maxidas-ds708-autel-maxidas;;http://electronicsystem.ru/multiautoscanners/maxidas%20.html;http://www.carmod.ru/products/maxidas_ds708
MaxiSYS Pro - мультимарочный сканер;http://www.autoscaners.ru/catalogue/?catalogue_id=maxisys_pro_multimarochnyy_skaner;;http://www.vgarazhax.ru/multimarochnye-skanery/maxisys-pro;;http://electronicsystem.ru/multiautoscanners/maxisys-pro.html;http://www.carmod.ru/products/maxisys_pro
Диагностический сканер Сканматик 2 USB + BlueTooth (Scanmatik);http://www.autoscaners.ru/catalogue/?catalogue_id=558;http://www.carscanner.ru/skanmatik/skanmatik-2-usb-i-bluetooth.html;http://www.vgarazhax.ru/avtoskanery/vaz-gaz-izh-uaz/scanmatik-2;;;http://www.carmod.ru/products/komplekt_skanmatik_2_usb__bluetooth
Launch X431 PRO (Launch X431 V) - новое поколение мультимарочного сканера Launch X431;http://www.autoscaners.ru/catalogue/?catalogue_id=launch_x431_pro_launch_x431v_novoe_pokolenie_multimarochnogo_skanera_launch_x431;http://www.carscanner.ru/x431-launch/launch-x-431-v-launch-x431pro.html;http://www.vgarazhax.ru/multimarochnye-skanery/launch-v-pro;;http://electronicsystem.ru/multiautoscanners/launch-x431%20-v-pro.html;http://www.carmod.ru/products/avtoskaner_launch_x431_pro
MV400 - видеоэндоскоп с возможнотью записи видео, диаметр головки 5.5 мм;http://www.autoscaners.ru/catalogue/?catalogue_id=680;;http://www.vgarazhax.ru/izmeritelnoe-oborudovanie/videojendoskopy/videoendoskop-maxivideo-mv400;http://www.carhealth.ru/dopolnitelnoe-oborudovanie/autel-maxivideo-mv400-8-5-mm-kupit;http://electronicsystem.ru/other-diagnostic-tools/videoscope/maxivideo-mv400.html;http://www.carmod.ru/products/avtomobilnyj_videoendoskop_autel_maxivideo_mv400
MaxiDiag Elite MD802 - многофункциональный мультимарочный сканер;http://www.autoscaners.ru/catalogue/?catalogue_id=738;;http://www.vgarazhax.ru/dop-oborudovanie/skanery-oshibok/maxidiag-elite;http://www.carhealth.ru/universalnoe-oborudovanie/autel-maxidiag-elite-md802-full-systems-kupit;http://electronicsystem.ru/multiautoscanners/maxidiag%20elite-md802-full.html;http://www.carmod.ru/products/autel_maxidiag_elite_md802
ODA DH60AA - Тестирование и ультразвуковая очистка форсунок;http://www.autoscaners.ru/catalogue/?catalogue_id=362;;;;;
Mercedes SD Connect 4 (базовый);http://www.autoscaners.ru/catalogue/?catalogue_id=525;;http://www.vgarazhax.ru/avtoskanery/mercedes-benz/sd-connect;http://www.carhealth.ru/diagnostika-legkovykh-avtomobilej/oborudovanie-dlya-mercedes-benz/sdconnect-compact-4-kupit;http://electronicsystem.ru/avtoskanery/diagnostika-mercedes-benz/mb-sd-connect.html;http://www.carmod.ru/products/mercedes_sd_connect_compact_4
Mercedes SD Connect 4 (полный);http://www.autoscaners.ru/catalogue/?catalogue_id=525;;http://www.vgarazhax.ru/avtoskanery/mercedes-benz/sd-connect;http://www.carhealth.ru/diagnostika-legkovykh-avtomobilej/oborudovanie-dlya-mercedes-benz/sdconnect-compact-4-kupit;http://electronicsystem.ru/avtoskanery/diagnostika-mercedes-benz/mb-sd-connect.html;http://www.carmod.ru/products/komplekt_dlya_diagnostiki_avtomobilej_mercedes_benz_i_smart
Caterpillar adapter 3;http://www.autoscaners.ru/catalogue/?catalogue_id=687;;http://www.vgarazhax.ru/avtoskanery-gruzovye/caterpillar/caterpillar-cat-et-iii;;;http://www.carmod.ru/products/dilerskij_avtoskaner_caterpillar_iii
Диагностический сканер UltraScan P1;http://www.autoscaners.ru/catalogue/?catalogue_id=243;;;;;http://www.carmod.ru/products/hanatech_ultrascan_p1s_professionalnyj_multimarochnyj_skaner
MAN T200 - дилерский автосканер для техники MAN;http://www.autoscaners.ru/catalogue/?catalogue_id=589;;http://www.vgarazhax.ru/avtoskanery-gruzovye/man/man-cats-t200;;http://electronicsystem.ru/truck-scanners/man-t200%20.html;http://www.carmod.ru/products/man_cats_t200s_dilerskij_skaner_dlya_gruzovyh_avtomobilej_i_avtobusov
USB Autoscope IV - USB Осциллограф Постоловского (полная комплектация);http://www.autoscaners.ru/catalogue/?catalogue_id=usb_autoscope_iv_usb_ostsillograf_postolovskogo_polnaya_komplektatsiya;http://www.carscanner.ru/motor-testery-ostsillografy/ostsillograf-postolovskogo-4-%7C-usb-autoscope-iv-polnyy-komplekt.html?keyword=USB+Autoscope+IV;;;;
ODA DH60A+ -Тестирование и ультразвуковая очистка форсунок;http://www.autoscaners.ru/catalogue/?catalogue_id=362;;;;;
GX-100 - Аппарат для очистка топливных систем;http://www.autoscaners.ru/catalogue/?catalogue_id=352;;;;;http://www.carmod.ru/products/lantech_gx100s_pribor_dlya_ochistki_forsunok
Автосканер MongoosePro Toyota Techstream;http://www.autoscaners.ru/catalogue/?catalogue_id=273;;http://www.vgarazhax.ru/avtoskanery/toyota/mongoose-pro;;http://electronicsystem.ru/avtoskanery/diagnostika-toyota-lexus/mongoosepro-toyota.html;http://www.carmod.ru/products/mongoosepro_toyota_techstream__dilerskij_avtoskaner_dlya_toyota_i_lexus
Диагностический сканер Ford VCM II ( оригинал );http://www.autoscaners.ru/catalogue/?catalogue_id=723;;;;;
Диагностический сканер VAG COM 12.12 ENG;http://www.autoscaners.ru/catalogue/?catalogue_id=180;;;;http://electronicsystem.ru/avtoskanery/vag_com/vasya-diagnost-12-12.html;
Дилерский сканер BMW ICOM A+B+C (базовый);http://www.autoscaners.ru/catalogue/?catalogue_id=551;http://www.carscanner.ru/dilerskie-skanery/bmw-icom-a2+b+c.html;http://www.vgarazhax.ru/avtoskanery/bmw/icom-a2;http://www.carhealth.ru/diagnostika-legkovykh-avtomobilej/oborudovanie-dlya-bmw/icom-bmw-a-b-c-kupit;http://electronicsystem.ru/avtoskanery/bmw%20icom.html;http://www.carmod.ru/products/diagnosticheskij_kompleks_bmw_icom
Cummins Inline 6 - сканер для всех двигателей марки Cummins;http://www.autoscaners.ru/catalogue/?catalogue_id=766;;http://www.vgarazhax.ru/avtoskanery-gruzovye/cummins/cummins-inline-6;;http://electronicsystem.ru/truck-scanners/cummins-inline-6.html;http://www.carmod.ru/products/cummins_inline_6s_professionalnyj_diagnosticheskij_skaner
Диагностический сканер Scania VCI 2;http://www.autoscaners.ru/catalogue/?catalogue_id=166;;http://www.vgarazhax.ru/avtoskanery-gruzovye/scania/scania-vci-2-pribaltika;;http://electronicsystem.ru/truck-scanners/scania-vci.html;http://www.carmod.ru/products/scania_vci_2
Автосканер ДК 5 — диагностика МАЗ, ЛиАЗ ,КамАЗ,КрАЗ;http://www.autoscaners.ru/catalogue/?catalogue_id=356;http://www.carscanner.ru/dlya-gruzovyh-a/m/kompleks-diagnosticheskiy-dk-5.html;http://www.vgarazhax.ru/index.php?route=product/product&path=82_173&product_id=291;;http://electronicsystem.ru/truck-scanners/autoscanner-dk5.html;http://www.carmod.ru/products/avtoskaner_dk5
CIT-3000 расширенный комплект для диагностики Common Rail CRDI300;http://www.autoscaners.ru/catalogue/?catalogue_id=cit_3000_rasshirennyy_komplekt_dlya_diagnostiki_common_rail_crdi300;;;;;
ADD1100 - USB видеоэндоскоп на базе ПК c насадками;http://www.autoscaners.ru/catalogue/?catalogue_id=633;;;;;
Диагностический сканер Nexiq USB Link ( оригинал );http://www.autoscaners.ru/catalogue/?catalogue_id=650;;http://www.vgarazhax.ru/avtoskanery-gruzovye/nexiq;http://www.carhealth.ru/diagnostika-gruzovykh-avtomobilej/nexiq-usb-link-125032-kupit;http://electronicsystem.ru/truck-scanners/nexiq-usb-link.html;http://www.carmod.ru/products/diagnosticheskij_skaner_nexiq_usb_link
Диагностический комплекс VAS 5054 (базовый);http://www.autoscaners.ru/catalogue/?catalogue_id=260;http://www.carscanner.ru/wv/diagnosticheskiy-skaner-%7C-vas-5055-a-usb.html;http://www.vgarazhax.ru/avtoskanery/volkswagen/vas-5054a;http://www.carhealth.ru/diagnostika-legkovykh-avtomobilej/oborudovanie-dlya-volkswagen/vas-5054a-kupit;http://electronicsystem.ru/avtoskanery/vag_com/vas-5054a.html;http://www.carmod.ru/products/adapter_vas_5054a
F-CAR F3-D (грузовые);http://www.autoscaners.ru/catalogue/?catalogue_id=585;http://www.carscanner.ru/dlya-gruzovyh-a/m/skaner-fcar-f3-d.html;http://www.vgarazhax.ru/avtoskanery-gruzovye/china-trucks/fcar-f3-d;;http://electronicsystem.ru/truck-scanners/fcar-f3-d.html;http://www.carmod.ru/products/fcar_f3d__avtoskaner_dlya_diagnostiki_gruzovyh_avto_i_spetstehniki
Автосканер Volvo Interface 88890020;http://www.autoscaners.ru/catalogue/?catalogue_id=255;;;;http://electronicsystem.ru/truck-scanners/volvo-88890020.html;http://www.carmod.ru/products/volvo_interface_88890020s_diagnosticheskij_interfejs_dlya_gruzovyh_avtomobilej_avtobusov_i_spetstehniki
Диагностический сканер Iveco Easy;http://www.autoscaners.ru/catalogue/?catalogue_id=diagnosticheskiy_skaner_iveco_easy;;http://www.vgarazhax.ru/avtoskanery-gruzovye/iveco/easy-eltrac;;http://electronicsystem.ru/truck-scanners/iveco-easy-eltrac.html;
F-CAR F3-G (легковые + грузовые);http://www.autoscaners.ru/catalogue/?catalogue_id=585;http://www.carscanner.ru/dlya-gruzovyh-a/m/skaner-fcar-f3-d.html;http://www.vgarazhax.ru/avtoskanery-gruzovye/china-trucks/fcar-f3-d;;http://electronicsystem.ru/truck-scanners/fcar-f3-d.html;http://www.carmod.ru/products/fcar_f3g__dlya_diagnostiki_legkovyh_gruzovyh_avtomobilej_i_spetstehniki
Launch X431 GDS CAR+Truck - сканер для грузовых и дизельных легковых автомобилей;http://www.autoscaners.ru/catalogue/?catalogue_id=785;;http://www.vgarazhax.ru/multimarochnye-skanery/launch-gds;;http://electronicsystem.ru/multiautoscanners/launch-x431-gds.html;http://www.carmod.ru/products/launch_x431_gds_full__avtoskaner_dlya_legkovyh_i_gruzovyh_avtomobilej
Launch Creader VII+ - Портативный автосканер;http://www.autoscaners.ru/catalogue/?catalogue_id=launch_creader_crp123;http://www.carscanner.ru/launch/multimarochnyy-launch-creader-vii+.html;http://www.vgarazhax.ru/dop-oborudovanie/skanery-oshibok/launch-crp123;;http://electronicsystem.ru/other-diagnostic-tools/autoscanners-obd2/launch-creader-vii-plus.html;http://www.carmod.ru/products/miniskaner_launch_x431_creader_vii
ПАК Загрузчик v3 (CombiLoader) - считывание и обновление прошивок для контроллеров ЭБУ;http://www.autoscaners.ru/catalogue/?catalogue_id=779;;;;;http://www.carmod.ru/products/pak_zagruzchik_v3_combiloader
Jaltest link+ETM+Jaltest PAD - комплект оборудования для диагностики грузовиков и автобусов;http://www.autoscaners.ru/catalogue/?catalogue_id=jaltest_link_etm_jaltest_pad_komplekt_oborudovaniya_dlya_diagnostiki_gruzovikov_i_avtobusov;;;;;http://www.carmod.ru/products/jaltest_linkpadetm__universalnyj_skaner_dlya_gruzovyh_avtomobilej_i_avtobusov
ADD330 Тестер для определения коротких замыканий и обрывов цепей;http://www.autoscaners.ru/catalogue/?catalogue_id=231;;;;;http://www.carmod.ru/products/kabelnyj_tester_em415_pro
Автосканер ELM327 BlueTooth;http://www.autoscaners.ru/catalogue/?catalogue_id=578;http://www.carscanner.ru/kitayskie-avto/elm327-bluetooth.html;http://www.vgarazhax.ru/dop-oborudovanie/skanery-oshibok/elm327-bluetooth;http://www.carhealth.ru/universalnoe-oborudovanie/multimarochnyj-adapter-elm327-bluetooth-kupit;http://electronicsystem.ru/other-diagnostic-tools/autoscanners-obd2/elm327-bluetooth.html;http://www.carmod.ru/products/obdii_adapter_elm327_bluetooth
Launch X431 Diagun;http://www.autoscaners.ru/catalogue/?catalogue_id=421;;http://www.vgarazhax.ru/multimarochnye-skanery/launch-431-diagun;;http://electronicsystem.ru/multiautoscanners/launch-diagun.html;http://www.carmod.ru/products/avtoskaner_launch_x431_diagun_full
Автосканер Cumimns Inline 5;http://www.autoscaners.ru/catalogue/?catalogue_id=588;http://www.carscanner.ru/skanery-dlya-gruzovyh-avtomobiley/cummins-inline-5.html;http://www.vgarazhax.ru/avtoskanery-gruzovye/cummins/cummins-inline-5;http://www.carhealth.ru/diagnostika-gruzovykh-avtomobilej/cummins-inline-kupit;http://electronicsystem.ru/truck-scanners/cummins-inline.html;http://www.carmod.ru/products/cummins_inline_5
Автосканер MongoosePro JLR - диагностика LandRover, Jaguar;http://www.autoscaners.ru/catalogue/?catalogue_id=642;;http://www.vgarazhax.ru/index.php?route=product/product&path=99_67&product_id=492;;http://electronicsystem.ru/avtoskanery/diagnostika-land%20rover-jaguar/mongoosepro-jlr.html;http://www.carmod.ru/products/avtoskaner_jlr_mongoose
Digiprog 3 - коррекция одометров;http://www.autoscaners.ru/catalogue/?catalogue_id=643;http://www.carscanner.ru/korrektirovka-odometrov/digiprog-3.html;http://www.vgarazhax.ru/korrektirovka-probega/digiprog-3;http://www.carhealth.ru/korrektirovka-odometrov/digiprog-iii-kupit;http://electronicsystem.ru/other-diagnostic-tools/korrektirovka-probega/digiprog3.html;http://www.carmod.ru/products/korrektor_odometrov_digiprog_3_polnyj_komplekt
Launch Creader VI - Портативный автосканер;http://www.autoscaners.ru/catalogue/?catalogue_id=433;;http://www.vgarazhax.ru/dop-oborudovanie/skanery-oshibok/creader-6-vi;http://www.carhealth.ru/portativnye-avtoskanery/launch-creader-vi-6-kupit;http://electronicsystem.ru/other-diagnostic-tools/autoscanners-obd2/launch-creader-vi.html;http://www.carmod.ru/products/avtoskaner_launch_creader_vi
Автосканер Mercedes Star Diagnosis (базовый);http://www.autoscaners.ru/catalogue/?catalogue_id=22;http://www.carscanner.ru/dilerskie-skanery/diagnosticheskiy-avtoskaner-%7C-mb-star-diagnosis-c3+hdd.html;http://www.vgarazhax.ru/avtoskanery/mercedes-benz/mercedes-benz-star-c3-pro-russkaya-versiya-pr-vo-pribaltika;http://www.carhealth.ru/diagnostika-legkovykh-avtomobilej/oborudovanie-dlya-mercedes-benz/mb-star-diagnosis-usb-com-port-mb-star-compact-3-kupit;http://electronicsystem.ru/avtoskanery/diagnostika-mercedes-benz/mb-c3-pro.html;http://www.carmod.ru/products/avtoskaner_mercedes_star_diagnosis_compact_3
Дилерский сканер BMW ICOM A+B+C (полный);http://www.autoscaners.ru/catalogue/?catalogue_id=551;http://www.carscanner.ru/dilerskie-skanery/index.php?option=com_virtuemart&page=shop.product_details&product_id=766&flypage=flypage-ask.tpl&category_id=18&Itemid=53;http://www.vgarazhax.ru/avtoskanery/bmw/icom;http://www.carhealth.ru/diagnostika-legkovykh-avtomobilej/oborudovanie-dlya-bmw/icom-bmw-a-b-c-kupit;http://electronicsystem.ru/avtoskanery/bmw%20icom.html;
Диагностический сканер Nissan Consult III Plus;http://www.autoscaners.ru/catalogue/?catalogue_id=686;;http://www.vgarazhax.ru/index.php?route=product/product&path=99_71&product_id=223;;http://electronicsystem.ru/avtoskanery/diagnostika-nissan/nissan-consult-plus.html;http://www.carmod.ru/products/_avtoskaner_nissan_consult_3_plus
OMAS AC-1500 - Автоматическая станция для заправки кондиционеров;http://www.autoscaners.ru/catalogue/?catalogue_id=518;;;;;http://www.carmod.ru/products/zell_ac1500s_avtomaticheskaya_ustanovka_dlya_sistem_konditsionirovaniya
Автосканер DAF DAVIE XDc II;http://www.autoscaners.ru/catalogue/?catalogue_id=178;;http://www.vgarazhax.ru/avtoskanery-gruzovye/daf/daff-davie-xdc-ii;;http://electronicsystem.ru/truck-scanners/daf-davie-xdc-ii.html;http://www.carmod.ru/products/daf_vci560_mux_davie_xdcii__diagnosticheskij_skaner_dlya_gruzovikov_daf
Автосканер Citroen Lexia + Peugeot Planet 2000;http://www.autoscaners.ru/catalogue/?catalogue_id=45;http://www.carscanner.ru/skanery-professionalnye/psa-xs-evolution-diagbox/lexia-3.html;http://www.vgarazhax.ru/avtoskanery/citroen/lexia;http://www.carhealth.ru/diagnostika-legkovykh-avtomobilej/oborudovanie-dlya-citroen/lexia-3-full-diagbox-kupit;http://electronicsystem.ru/avtoskanery/diagnostika-citroen-peugeot/lexia.html;http://www.carmod.ru/products/lexia3
Автосканер MongoosePro Toyota Techstream Bluetooth;http://www.autoscaners.ru/catalogue/?catalogue_id=273;;http://www.vgarazhax.ru/avtoskanery/toyota/mongoose-pro;;http://electronicsystem.ru/avtoskanery/diagnostika-toyota-lexus/mongoosepro-toyota.html;
USB Autoscope III - осциллоскоп Постоловского (полная комплектация);http://www.autoscaners.ru/catalogue/?catalogue_id=801;http://www.carscanner.ru/motor-testery-ostsillografy/ostsillograf-postolovskogo-3-%7Cusb-autoscope-iii-polnyy-komplekt.html;;;;
Launch X431 PRO 3 (Launch X431 V+) - новое поколение мультимарочного сканера Launch X431;http://www.autoscaners.ru/catalogue/?catalogue_id=launch_x431_pro_3_launch_x431_v_novoe_pokolenie_multimarochnogo_skanera_launch_x431;;;;;http://www.carmod.ru/products/launch_x431_pro_3_launch_x431_v__multimarochnyj_avtoskaner
Автосканер Mercedes Star Diagnosis (полный);http://www.autoscaners.ru/catalogue/?catalogue_id=22;http://www.carscanner.ru/dilerskie-skanery/mb-star-diagnosis-c3.html;http://www.vgarazhax.ru/avtoskanery/mercedes-benz/mercedes-benz-star-c3-pro-russkaya-versiya-pr-vo-pribaltika;http://www.carhealth.ru/diagnostika-legkovykh-avtomobilej/oborudovanie-dlya-mercedes-benz/mb-star-diagnosis-usb-com-port-mb-star-compact-3-kupit;http://electronicsystem.ru/avtoskanery/diagnostika-mercedes-benz/mb-c3-pro.html;
Адаптер KKL USB;http://www.autoscaners.ru/catalogue/?catalogue_id=41;http://www.carscanner.ru/audi/kkl-usb-%7C-diagnosticheskiy-adapter.html;http://www.vgarazhax.ru/avtoskanery/volkswagen/usb-kkl-vag-com-409-1;http://www.carhealth.ru/diagnostika-legkovykh-avtomobilej/oborudovanie-dlya-volkswagen/kkl-usb-adapter-kupit;http://electronicsystem.ru/avtoskanery/vag_com/vag-com-409.html;http://www.carmod.ru/products/kabel_vagcom_4091_kkl_usb
Диагностический сканер DPA 5 Dual-CAN;http://www.autoscaners.ru/catalogue/?catalogue_id=584;;http://www.vgarazhax.ru/avtoskanery-gruzovye/universalnye-gruzovye-skanery/dpa-5-bluetooth-plc-testcon-kit;;http://electronicsystem.ru/truck-scanners/dpa5-dual-can-full.html;http://www.carmod.ru/products/dpa5_truck_diagnostic_adapter__diagnosticheskij_skaner_dlya_gruzovoj_tehniki
Launch X431 GDS - мультимарочный сканер;http://www.autoscaners.ru/catalogue/?catalogue_id=742;;;;;http://www.carmod.ru/products/launch_x431_gds
Launch X431 Diagun III - мультимарочный сканер;http://www.autoscaners.ru/catalogue/?catalogue_id=741;http://www.carscanner.ru/multimarochnye-%7C-skanery/x-431-diagun-iii-rus-skaner.html;http://www.vgarazhax.ru/multimarochnye-skanery/launch-431-diagun-iii;;http://electronicsystem.ru/multiautoscanners/launch-x-431-diagun-iii.html;http://www.carmod.ru/products/avtoskaner_launch_x431_diagun_iii
Диагностический сканер Scania VCI 1;http://www.autoscaners.ru/catalogue/?catalogue_id=330;;http://www.vgarazhax.ru/index.php?route=product/product&path=82_165&product_id=283;;http://electronicsystem.ru/truck-scanners/scania-vci-1.html;http://www.carmod.ru/products/scania_vci_1
Launch Creader VIII - Портативный автосканер;http://www.autoscaners.ru/catalogue/?catalogue_id=launch_creader_crp129;http://www.carscanner.ru/multimarochnye-%7C-skanery/index.php?option=com_virtuemart&page=shop.product_details&product_id=865&flypage=flypage-ask.tpl&category_id=100&Itemid=53;http://www.vgarazhax.ru/multimarochnye-skanery/launch-creader-viii;;http://electronicsystem.ru/other-diagnostic-tools/autoscanners-obd2/launch-creaderviii.html;http://www.carmod.ru/products/miniskaner_launch_x431_creader_crp129
Launch CNC 602 - Установка для тестирования и очистки форсунок;http://www.autoscaners.ru/catalogue/?catalogue_id=launch_cnc_602_ustanovka_dlya_testirovaniya_i_ochistki_forsunok;;;;;http://www.carmod.ru/products/launch_cnc_602a__stend_dlya_testirovaniya_i_ochistki_forsunok
Диагностический сканер Барс 4 (полный комплект);http://www.autoscaners.ru/catalogue/?catalogue_id=diagnosticheskiy_skaner_bars_4;http://www.carscanner.ru/multimarochnye-%7C-skanery/skaner-bars-4-professional-%7C-komplekt-%C2%ABrasshirennyy%C2%BB.html;;;;http://www.carmod.ru/products/diagnosticheskij_skaner_bars_4
Автосканер ELM327 WIFI;http://www.autoscaners.ru/catalogue/?catalogue_id=704;;;;http://electronicsystem.ru/other-diagnostic-tools/autoscanners-obd2/elm327-wifi.html;http://www.carmod.ru/products/elm327_wifi_obdii__universalnyj_diagnosticheskij_adapter
Автосканер ELM327 USB;http://www.autoscaners.ru/catalogue/?catalogue_id=30;http://www.carscanner.ru/fiat/elm327-usb.html;http://www.vgarazhax.ru/dop-oborudovanie/skanery-oshibok/elm327-usb;http://www.carhealth.ru/universalnoe-oborudovanie/universalnyj-skaner-elm327-usb-kupit;http://electronicsystem.ru/other-diagnostic-tools/autoscanners-obd2/elm327-usb.html;http://www.carmod.ru/products/obdii_adapter_elm327_usb
Robinair AC690 PRO OTC - Автоматическая станция для обслуживания автомобильных кондиционеров;http://www.autoscaners.ru/catalogue/?catalogue_id=750;;;;;http://www.carmod.ru/products/robinair_ac_690_pro__avtomaticheskaya_ustanovka_dlya_obsluzhivaniya_konditsionerov
SuperOBD SKP-900 - Программатор автоключей;http://www.autoscaners.ru/catalogue/?catalogue_id=superobd_skp_900_programmator_avtoklyuchey;;http://www.vgarazhax.ru/dop-oborudovanie/programmirovanie-kljuchej/super-obd-skp-900;;http://electronicsystem.ru/other-diagnostic-tools/programmirovanie-kljuchej/superobd-skp-900.html;http://www.carmod.ru/products/programmator_klyuchej_superobd_skp100
Автосканер Opel Com;http://www.autoscaners.ru/catalogue/?catalogue_id=48;http://www.carscanner.ru/op-com/op-com-can-usb-rus.html;http://www.vgarazhax.ru/avtoskanery/opel/op-com;http://www.carhealth.ru/diagnostika-legkovykh-avtomobilej/oborudovanie-dlya-opel/op-com-opel-rus-kupit;http://electronicsystem.ru/avtoskanery/diagnostika-opel/op-com.html;http://www.carmod.ru/products/adapter_opcom_opel
Диагностический сканер Mitsubishi MUT III;http://www.autoscaners.ru/catalogue/?catalogue_id=158;;http://www.vgarazhax.ru/avtoskanery/mitsubishi/mut-3;http://www.carhealth.ru/diagnostika-legkovykh-avtomobilej/oborudovanie-dlya-mitsubishi/mut-3-mitsubishi-kupit;http://electronicsystem.ru/avtoskanery/diagnostika-mitsubishi/mitsubishi-mut.html;http://www.carmod.ru/products/avtoskaner_mitsubishi_mut_iii
G-Smoke - Дымогенератор;http://www.autoscaners.ru/catalogue/?catalogue_id=g_smoke_dymogenerator;http://www.carscanner.ru/dymogeneratory/g-smoke-dymogenerator.html;;;;http://www.carmod.ru/products/gsmoke__kompaktnyj_dymogenerator
CD400 Программатор тахографов;http://www.autoscaners.ru/catalogue/?catalogue_id=722;;http://www.vgarazhax.ru/dop-oborudovanie/programmatory/programmator-tahografov-cd400;;;
Robinair ACM 3000 - Автоматическая установка для обслуживания кондиционеров;ww.autoscaners.ru/catalogue/?catalogue_id=748;;;;http://electronicsystem.ru/other-diagnostic-tools/zapravka-kondicionera/ustanovka-dlia-zapravki-kondicionera/robinair-acm-3000.html;http://www.carmod.ru/products/otc_robinair_acm_3000s_avtomaticheskaya_ustanovka_dlya_zapravki_konditsionerov
GX-100B - набор для промывки форсунок;http://www.autoscaners.ru/catalogue/?catalogue_id=709;;;;;
Мотор-тестер MT Pro 4 (полный комплект);http://www.autoscaners.ru/catalogue/?catalogue_id=professionalnyy_motor_tester_mt_pro_polnyy_komplekt;http://www.carscanner.ru/motor-testery-ostsillografy/mt-pro-4.0-maxi.html;;;;http://www.carmod.ru/products/mtpro_40_maxi__professionalnyj_ostsillograf
ADD501 - Автомобильный рефрактометр;http://www.autoscaners.ru/catalogue/?catalogue_id=406;;;;;http://www.carmod.ru/products/refraktometr_otr301
ADD350D - стетоскоп автомобильный;http://www.autoscaners.ru/catalogue/?catalogue_id=add350d_stetoskop_avtomobilnyy;;;;;http://www.carmod.ru/products/add350n
MV208 - Видеоэндоскоп автомобильный;http://www.autoscaners.ru/catalogue/?catalogue_id=mv208_videoendoskop_avtomobilnyy;;;;;http://www.carmod.ru/products/endoskop_autel_maxivideo_mv208
iCarsoft i610 - Автосканер OBDII/WIFI;http://www.autoscaners.ru/catalogue/?catalogue_id=icarsoft_i610_multisistemnyy_skaner_obdii_wifi;;;;;http://www.carmod.ru/products/icarsoft_wifi_tool_i610s_besprovodnoj_wifi_adapter_dlya_diagnostiki_avtomobilya_osnaschennogo_odbii_razemom
DSO-203 Quad nano -Цифровой портативный осциллограф;http://www.autoscaners.ru/catalogue/?catalogue_id=727;;;;;
Автосканер Renault CAN CLIP;http://www.autoscaners.ru/catalogue/?catalogue_id=33;http://www.carscanner.ru/dilerskie-skanery/renault-can-clip.html;http://www.vgarazhax.ru/avtoskanery/renault/can-clip;http://www.carhealth.ru/diagnostika-legkovykh-avtomobilej/oborudovanie-dlya-renault/renault-can-clip-kupit;http://electronicsystem.ru/avtoskanery/diagnostika-renault/renault-can-clip.html;http://www.carmod.ru/products/avtoskaner_renault_can_clip
Автосканер Toyota Intelligent Tester II;http://www.autoscaners.ru/catalogue/?catalogue_id=72;;http://www.vgarazhax.ru/avtoskanery/toyota/denso;http://www.carhealth.ru/diagnostika-legkovykh-avtomobilej/oborudovanie-dlya-toyota-lexus/toyota-intelligent-tester-ii-dst-2-kupit;http://electronicsystem.ru/avtoskanery/diagnostika-suzuki/toyota-denso.html;http://www.carmod.ru/products/toyota_denso_tester_ii
Диагностический сканер Volvo DiCE;http://www.autoscaners.ru/catalogue/?catalogue_id=157;http://www.carscanner.ru/volvo/volvo-dice.html;http://www.vgarazhax.ru/avtoskanery/volvo/vida-dice;http://www.carhealth.ru/diagnostika-legkovykh-avtomobilej/oborudovanie-dlya-volvo/volvo-dice-vida-kupit;http://electronicsystem.ru/avtoskanery/diagnostika-volvo/volvo-vida.html;http://www.carmod.ru/products/adapter_volvo_vida_dice
